timestamp,oil_urals,gdp_quart,gdp_quart_growth,cpi,ppi,gdp_deflator,balance_trade,balance_trade_growth,usdrub,eurrub,brent,net_capital_export,gdp_annual,gdp_annual_growth,average_provision_of_build_contract,average_provision_of_build_contract_moscow,rts,micex,micex_rgbi_tr,micex_cbi_tr,deposits_value,deposits_growth,deposits_rate,mortgage_value,mortgage_growth,mortgage_rate,grp,grp_growth,income_per_cap,real_dispos_income_per_cap_growth,salary,salary_growth,fixed_basket,retail_trade_turnover,retail_trade_turnover_per_cap,retail_trade_turnover_growth,labor_force,unemployment,employment,invest_fixed_capital_per_cap,invest_fixed_assets,profitable_enterpr_share,unprofitable_enterpr_share,share_own_revenues,overdue_wages_per_cap,fin_res_per_cap,marriages_per_1000_cap,divorce_rate,construction_value,invest_fixed_assets_phys,pop_natural_increase,pop_migration,pop_total_inc,childbirth,mortality,housing_fund_sqm,lodging_sqm_per_cap,water_pipes_share,baths_share,sewerage_share,gas_share,hot_water_share,electric_stove_share,heating_share,old_house_share,average_life_exp,infant_mortarity_per_1000_cap,perinatal_mort_per_1000_cap,incidence_population,rent_price_4+room_bus,rent_price_3room_bus,rent_price_2room_bus,rent_price_1room_bus,rent_price_3room_eco,rent_price_2room_eco,rent_price_1room_eco,load_of_teachers_preschool_per_teacher,child_on_acc_pre_school,load_of_teachers_school_per_teacher,students_state_oneshift,modern_education_share,old_education_build_share,provision_doctors,provision_nurse,load_on_doctors,power_clinics,hospital_beds_available_per_cap,hospital_bed_occupancy_per_year,provision_retail_space_sqm,provision_retail_space_modern_sqm,turnover_catering_per_cap,theaters_viewers_per_1000_cap,seats_theather_rfmin_per_100000_cap,museum_visitis_per_100_cap,bandwidth_sports,population_reg_sports_share,students_reg_sports_share,apartment_build,apartment_fund_sqm
2016/1/1,29.1125,22016.1,-3.8,510.3,568.7,133.16,12.663,9.4,72.5209,79.959,37.28,-0.165975104,80804.3,-0.037267317,5.8,6.92,757.04,1761.36,126.13,284.44,23219077,0.080399883,8.2,1157760,-0.339665795,12.92,NA,NA,NA,NA,NA,NA,19461.67,NA,NA,NA,NA,NA,NA,NA,NA,NA,NA,NA,NA,NA,NA,NA,NA,NA,NA,NA,NA,NA,NA,NA,NA,NA,NA,NA,NA,NA,NA,NA,NA,NA,NA,NA,NA,164.26,98.79,74.05,51.1,48.62,38.19,29.76,NA,NA,NA,NA,NA,NA,NA,NA,NA,NA,NA,NA,NA,NA,NA,NA,NA,NA,NA,NA,NA,NA,NA
2016/1/2,29.1125,22016.1,-3.8,510.3,568.7,133.16,12.663,9.4,72.5209,79.959,37.28,-0.165975104,80804.3,-0.037267317,5.8,6.92,757.04,1761.36,126.13,286.51,23219077,0.080399883,8.2,1157760,-0.339665795,12.92,NA,NA,NA,NA,NA,NA,19461.67,NA,NA,NA,NA,NA,NA,NA,NA,NA,NA,NA,NA,NA,NA,NA,NA,NA,NA,NA,NA,NA,NA,NA,NA,NA,NA,NA,NA,NA,NA,NA,NA,NA,NA,NA,NA,164.26,98.79,74.05,51.1,48.62,38.19,29.76,NA,NA,NA,NA,NA,NA,NA,NA,NA,NA,NA,NA,NA,NA,NA,NA,NA,NA,NA,NA,NA,NA,NA
2016/1/3,29.1125,22016.1,-3.8,510.3,568.7,133.16,12.663,9.4,72.5209,79.959,37.28,-0.165975104,80804.3,-0.037267317,5.8,6.92,757.04,1761.36,126.13,290.8,23219077,0.080399883,8.2,1157760,-0.339665795,12.92,NA,NA,NA,NA,NA,NA,19461.67,NA,NA,NA,NA,NA,NA,NA,NA,NA,NA,NA,NA,NA,NA,NA,NA,NA,NA,NA,NA,NA,NA,NA,NA,NA,NA,NA,NA,NA,NA,NA,NA,NA,NA,NA,NA,164.26,98.79,74.05,51.1,48.62,38.19,29.76,NA,NA,NA,NA,NA,NA,NA,NA,NA,NA,NA,NA,NA,NA,NA,NA,NA,NA,NA,NA,NA,NA,NA
2016/1/4,29.1125,22016.1,-3.8,510.3,568.7,133.16,12.663,9.4,73.1813,79.1675,37.22,-0.165975104,80804.3,-0.037267317,5.8,6.92,749.28,1734.56,126.32,295.18,23219077,0.080399883,8.2,1157760,-0.339665795,12.92,NA,NA,NA,NA,NA,NA,19461.67,NA,NA,NA,NA,NA,NA,NA,NA,NA,NA,NA,NA,NA,NA,NA,NA,NA,NA,NA,NA,NA,NA,NA,NA,NA,NA,NA,NA,NA,NA,NA,NA,NA,NA,NA,NA,164.26,98.79,74.05,51.1,48.62,38.19,29.76,NA,NA,NA,NA,NA,NA,NA,NA,NA,NA,NA,NA,NA,NA,NA,NA,NA,NA,NA,NA,NA,NA,NA
2016/1/5,29.1125,22016.1,-3.8,510.3,568.7,133.16,12.663,9.4,73.3205,78.7959,36.42,-0.165975104,80804.3,-0.037267317,5.8,6.92,752.7,1754.13,126.65,295.18,23219077,0.080399883,8.2,1157760,-0.339665795,12.92,NA,NA,NA,NA,NA,NA,19461.67,NA,NA,NA,NA,NA,NA,NA,NA,NA,NA,NA,NA,NA,NA,NA,NA,NA,NA,NA,NA,NA,NA,NA,NA,NA,NA,NA,NA,NA,NA,NA,NA,NA,NA,NA,NA,164.26,98.79,74.05,51.1,48.62,38.19,29.76,NA,NA,NA,NA,NA,NA,NA,NA,NA,NA,NA,NA,NA,NA,NA,NA,NA,NA,NA,NA,NA,NA,NA
2016/1/6,29.1125,22016.1,-3.8,510.3,568.7,133.16,12.663,9.4,74.532,80.1474,34.23,-0.165975104,80804.3,-0.037267317,5.8,6.92,736.82,1748.57,126.74,301.59,23219077,0.080399883,8.2,1157760,-0.339665795,12.92,NA,NA,NA,NA,NA,NA,19461.67,NA,NA,NA,NA,NA,NA,NA,NA,NA,NA,NA,NA,NA,NA,NA,NA,NA,NA,NA,NA,NA,NA,NA,NA,NA,NA,NA,NA,NA,NA,NA,NA,NA,NA,NA,NA,164.26,98.79,74.05,51.1,48.62,38.19,29.76,NA,NA,NA,NA,NA,NA,NA,NA,NA,NA,NA,NA,NA,NA,NA,NA,NA,NA,NA,NA,NA,NA,NA
2016/1/7,29.1125,22016.1,-3.8,510.3,568.7,133.16,12.663,9.4,74.6337,80.9475,33.75,-0.165975104,80804.3,-0.037267317,5.8,6.92,736.82,1748.57,126.74,305.51,23219077,0.080399883,8.2,1157760,-0.339665795,12.92,NA,NA,NA,NA,NA,NA,19461.67,NA,NA,NA,NA,NA,NA,NA,NA,NA,NA,NA,NA,NA,NA,NA,NA,NA,NA,NA,NA,NA,NA,NA,NA,NA,NA,NA,NA,NA,NA,NA,NA,NA,NA,NA,NA,164.26,98.79,74.05,51.1,48.62,38.19,29.76,NA,NA,NA,NA,NA,NA,NA,NA,NA,NA,NA,NA,NA,NA,NA,NA,NA,NA,NA,NA,NA,NA,NA
2016/1/8,29.1125,22016.1,-3.8,510.3,568.7,133.16,12.663,9.4,74.7475,81.4332,33.55,-0.165975104,80804.3,-0.037267317,5.8,6.92,736.82,1748.57,126.74,307.58,23219077,0.080399883,8.2,1157760,-0.339665795,12.92,NA,NA,NA,NA,NA,NA,19461.67,NA,NA,NA,NA,NA,NA,NA,NA,NA,NA,NA,NA,NA,NA,NA,NA,NA,NA,NA,NA,NA,NA,NA,NA,NA,NA,NA,NA,NA,NA,NA,NA,NA,NA,NA,NA,164.26,98.79,74.05,51.1,48.62,38.19,29.76,NA,NA,NA,NA,NA,NA,NA,NA,NA,NA,NA,NA,NA,NA,NA,NA,NA,NA,NA,NA,NA,NA,NA
2016/1/9,29.1125,22016.1,-3.8,510.3,568.7,133.16,12.663,9.4,74.7475,81.4332,33.55,-0.165975104,80804.3,-0.037267317,5.8,6.92,736.82,1748.57,126.74,310.71,23219077,0.080399883,8.2,1157760,-0.339665795,12.92,NA,NA,NA,NA,NA,NA,19461.67,NA,NA,NA,NA,NA,NA,NA,NA,NA,NA,NA,NA,NA,NA,NA,NA,NA,NA,NA,NA,NA,NA,NA,NA,NA,NA,NA,NA,NA,NA,NA,NA,NA,NA,NA,NA,164.26,98.79,74.05,51.1,48.62,38.19,29.76,NA,NA,NA,NA,NA,NA,NA,NA,NA,NA,NA,NA,NA,NA,NA,NA,NA,NA,NA,NA,NA,NA,NA
2016/1/10,29.1125,22016.1,-3.8,510.3,568.7,133.16,12.663,9.4,74.7475,81.4332,33.55,-0.165975104,80804.3,-0.037267317,5.8,6.92,736.82,1748.57,126.74,310.71,23219077,0.080399883,8.2,1157760,-0.339665795,12.92,NA,NA,NA,NA,NA,NA,19461.67,NA,NA,NA,NA,NA,NA,NA,NA,NA,NA,NA,NA,NA,NA,NA,NA,NA,NA,NA,NA,NA,NA,NA,NA,NA,NA,NA,NA,NA,NA,NA,NA,NA,NA,NA,NA,164.26,98.79,74.05,51.1,48.62,38.19,29.76,NA,NA,NA,NA,NA,NA,NA,NA,NA,NA,NA,NA,NA,NA,NA,NA,NA,NA,NA,NA,NA,NA,NA
2016/1/11,29.1125,22016.1,-3.8,510.3,568.7,133.16,12.663,9.4,76.1963,82.914,31.55,-0.165975104,80804.3,-0.037267317,5.8,6.92,699.13,1682.54,125.05,310.71,23219077,0.080399883,8.2,1157760,-0.339665795,12.92,NA,NA,NA,NA,NA,NA,19461.67,NA,NA,NA,NA,NA,NA,NA,NA,NA,NA,NA,NA,NA,NA,NA,NA,NA,NA,NA,NA,NA,NA,NA,NA,NA,NA,NA,NA,NA,NA,NA,NA,NA,NA,NA,NA,164.26,98.79,74.05,51.1,48.62,38.19,29.76,NA,NA,NA,NA,NA,NA,NA,NA,NA,NA,NA,NA,NA,NA,NA,NA,NA,NA,NA,NA,NA,NA,NA
2016/1/12,29.1125,22016.1,-3.8,510.3,568.7,133.16,12.663,9.4,77.1503,83.6251,30.86,-0.165975104,80804.3,-0.037267317,5.8,6.92,695.32,1690.3,123.54,310.71,23219077,0.080399883,8.2,1157760,-0.339665795,12.92,NA,NA,NA,NA,NA,NA,19461.67,NA,NA,NA,NA,NA,NA,NA,NA,NA,NA,NA,NA,NA,NA,NA,NA,NA,NA,NA,NA,NA,NA,NA,NA,NA,NA,NA,NA,NA,NA,NA,NA,NA,NA,NA,NA,164.26,98.79,74.05,51.1,48.62,38.19,29.76,NA,NA,NA,NA,NA,NA,NA,NA,NA,NA,NA,NA,NA,NA,NA,NA,NA,NA,NA,NA,NA,NA,NA
2016/1/13,29.1125,22016.1,-3.8,510.3,568.7,133.16,12.663,9.4,76.4935,82.9888,30.31,-0.165975104,80804.3,-0.037267317,5.8,6.92,693.65,1684.78,123.43,285.03,23219077,0.080399883,8.2,1157760,-0.339665795,12.92,NA,NA,NA,NA,NA,NA,19461.67,NA,NA,NA,NA,NA,NA,NA,NA,NA,NA,NA,NA,NA,NA,NA,NA,NA,NA,NA,NA,NA,NA,NA,NA,NA,NA,NA,NA,NA,NA,NA,NA,NA,NA,NA,NA,164.26,98.79,74.05,51.1,48.62,38.19,29.76,NA,NA,NA,NA,NA,NA,NA,NA,NA,NA,NA,NA,NA,NA,NA,NA,NA,NA,NA,NA,NA,NA,NA
2016/1/14,29.1125,22016.1,-3.8,510.3,568.7,133.16,12.663,9.4,76.3186,82.8869,31.03,-0.165975104,80804.3,-0.037267317,5.8,6.92,692.99,1680.77,122.89,284.41,23219077,0.080399883,8.2,1157760,-0.339665795,12.92,NA,NA,NA,NA,NA,NA,19461.67,NA,NA,NA,NA,NA,NA,NA,NA,NA,NA,NA,NA,NA,NA,NA,NA,NA,NA,NA,NA,NA,NA,NA,NA,NA,NA,NA,NA,NA,NA,NA,NA,NA,NA,NA,NA,164.26,98.79,74.05,51.1,48.62,38.19,29.76,NA,NA,NA,NA,NA,NA,NA,NA,NA,NA,NA,NA,NA,NA,NA,NA,NA,NA,NA,NA,NA,NA,NA
2016/1/15,29.1125,22016.1,-3.8,510.3,568.7,133.16,12.663,9.4,77.7049,84.742,28.94,-0.165975104,80804.3,-0.037267317,5.8,6.92,652.98,1608.36,122.39,283.72,23219077,0.080399883,8.2,1157760,-0.339665795,12.92,NA,NA,NA,NA,NA,NA,19461.67,NA,NA,NA,NA,NA,NA,NA,NA,NA,NA,NA,NA,NA,NA,NA,NA,NA,NA,NA,NA,NA,NA,NA,NA,NA,NA,NA,NA,NA,NA,NA,NA,NA,NA,NA,NA,164.26,98.79,74.05,51.1,48.62,38.19,29.76,NA,NA,NA,NA,NA,NA,NA,NA,NA,NA,NA,NA,NA,NA,NA,NA,NA,NA,NA,NA,NA,NA,NA
2016/1/16,29.1125,22016.1,-3.8,510.3,568.7,133.16,12.663,9.4,77.7049,84.742,28.94,-0.165975104,80804.3,-0.037267317,5.8,6.92,652.98,1608.36,122.39,283.72,23219077,0.080399883,8.2,1157760,-0.339665795,12.92,NA,NA,NA,NA,NA,NA,19461.67,NA,NA,NA,NA,NA,NA,NA,NA,NA,NA,NA,NA,NA,NA,NA,NA,NA,NA,NA,NA,NA,NA,NA,NA,NA,NA,NA,NA,NA,NA,NA,NA,NA,NA,NA,NA,164.26,98.79,74.05,51.1,48.62,38.19,29.76,NA,NA,NA,NA,NA,NA,NA,NA,NA,NA,NA,NA,NA,NA,NA,NA,NA,NA,NA,NA,NA,NA,NA
2016/1/17,29.1125,22016.1,-3.8,510.3,568.7,133.16,12.663,9.4,77.7049,84.742,28.94,-0.165975104,80804.3,-0.037267317,5.8,6.92,652.98,1608.36,122.39,283.72,23219077,0.080399883,8.2,1157760,-0.339665795,12.92,NA,NA,NA,NA,NA,NA,19461.67,NA,NA,NA,NA,NA,NA,NA,NA,NA,NA,NA,NA,NA,NA,NA,NA,NA,NA,NA,NA,NA,NA,NA,NA,NA,NA,NA,NA,NA,NA,NA,NA,NA,NA,NA,NA,164.26,98.79,74.05,51.1,48.62,38.19,29.76,NA,NA,NA,NA,NA,NA,NA,NA,NA,NA,NA,NA,NA,NA,NA,NA,NA,NA,NA,NA,NA,NA,NA
2016/1/18,29.1125,22016.1,-3.8,510.3,568.7,133.16,12.663,9.4,79.3075,86.3882,28.55,-0.165975104,80804.3,-0.037267317,5.8,6.92,646.9,1622.43,121.92,285.48,23219077,0.080399883,8.2,1157760,-0.339665795,12.92,NA,NA,NA,NA,NA,NA,19461.67,NA,NA,NA,NA,NA,NA,NA,NA,NA,NA,NA,NA,NA,NA,NA,NA,NA,NA,NA,NA,NA,NA,NA,NA,NA,NA,NA,NA,NA,NA,NA,NA,NA,NA,NA,NA,164.26,98.79,74.05,51.1,48.62,38.19,29.76,NA,NA,NA,NA,NA,NA,NA,NA,NA,NA,NA,NA,NA,NA,NA,NA,NA,NA,NA,NA,NA,NA,NA
2016/1/19,29.1125,22016.1,-3.8,510.3,568.7,133.16,12.663,9.4,78.6515,85.9467,28.76,-0.165975104,80804.3,-0.037267317,5.8,6.92,660.29,1645.56,122.78,284.8,23219077,0.080399883,8.2,1157760,-0.339665795,12.92,NA,NA,NA,NA,NA,NA,19461.67,NA,NA,NA,NA,NA,NA,NA,NA,NA,NA,NA,NA,NA,NA,NA,NA,NA,NA,NA,NA,NA,NA,NA,NA,NA,NA,NA,NA,NA,NA,NA,NA,NA,NA,NA,NA,164.26,98.79,74.05,51.1,48.62,38.19,29.76,NA,NA,NA,NA,NA,NA,NA,NA,NA,NA,NA,NA,NA,NA,NA,NA,NA,NA,NA,NA,NA,NA,NA
2016/1/20,29.1125,22016.1,-3.8,510.3,568.7,133.16,12.663,9.4,81.917,89.4731,27.88,-0.165975104,80804.3,-0.037267317,5.8,6.92,628.41,1630.39,121.78,284.21,23219077,0.080399883,8.2,1157760,-0.339665795,12.92,NA,NA,NA,NA,NA,NA,19461.67,NA,NA,NA,NA,NA,NA,NA,NA,NA,NA,NA,NA,NA,NA,NA,NA,NA,NA,NA,NA,NA,NA,NA,NA,NA,NA,NA,NA,NA,NA,NA,NA,NA,NA,NA,NA,164.26,98.79,74.05,51.1,48.62,38.19,29.76,NA,NA,NA,NA,NA,NA,NA,NA,NA,NA,NA,NA,NA,NA,NA,NA,NA,NA,NA,NA,NA,NA,NA
2016/1/21,29.1125,22016.1,-3.8,510.3,568.7,133.16,12.663,9.4,82.2764,89.2056,29.25,-0.165975104,80804.3,-0.037267317,5.8,6.92,632.12,1677.19,121.02,285.2,23219077,0.080399883,8.2,1157760,-0.339665795,12.92,NA,NA,NA,NA,NA,NA,19461.67,NA,NA,NA,NA,NA,NA,NA,NA,NA,NA,NA,NA,NA,NA,NA,NA,NA,NA,NA,NA,NA,NA,NA,NA,NA,NA,NA,NA,NA,NA,NA,NA,NA,NA,NA,NA,164.26,98.79,74.05,51.1,48.62,38.19,29.76,NA,NA,NA,NA,NA,NA,NA,NA,NA,NA,NA,NA,NA,NA,NA,NA,NA,NA,NA,NA,NA,NA,NA
2016/1/22,29.1125,22016.1,-3.8,510.3,568.7,133.16,12.663,9.4,78.1145,84.2911,32.18,-0.165975104,80804.3,-0.037267317,5.8,6.92,691.4,1717.98,122.2,285.21,23219077,0.080399883,8.2,1157760,-0.339665795,12.92,NA,NA,NA,NA,NA,NA,19461.67,NA,NA,NA,NA,NA,NA,NA,NA,NA,NA,NA,NA,NA,NA,NA,NA,NA,NA,NA,NA,NA,NA,NA,NA,NA,NA,NA,NA,NA,NA,NA,NA,NA,NA,NA,NA,164.26,98.79,74.05,51.1,48.62,38.19,29.76,NA,NA,NA,NA,NA,NA,NA,NA,NA,NA,NA,NA,NA,NA,NA,NA,NA,NA,NA,NA,NA,NA,NA
2016/1/23,29.1125,22016.1,-3.8,510.3,568.7,133.16,12.663,9.4,78.1145,84.2911,32.18,-0.165975104,80804.3,-0.037267317,5.8,6.92,691.4,1717.98,122.2,285.21,23219077,0.080399883,8.2,1157760,-0.339665795,12.92,NA,NA,NA,NA,NA,NA,19461.67,NA,NA,NA,NA,NA,NA,NA,NA,NA,NA,NA,NA,NA,NA,NA,NA,NA,NA,NA,NA,NA,NA,NA,NA,NA,NA,NA,NA,NA,NA,NA,NA,NA,NA,NA,NA,164.26,98.79,74.05,51.1,48.62,38.19,29.76,NA,NA,NA,NA,NA,NA,NA,NA,NA,NA,NA,NA,NA,NA,NA,NA,NA,NA,NA,NA,NA,NA,NA
2016/1/24,29.1125,22016.1,-3.8,510.3,568.7,133.16,12.663,9.4,78.1145,84.2911,32.18,-0.165975104,80804.3,-0.037267317,5.8,6.92,691.4,1717.98,122.2,285.21,23219077,0.080399883,8.2,1157760,-0.339665795,12.92,NA,NA,NA,NA,NA,NA,19461.67,NA,NA,NA,NA,NA,NA,NA,NA,NA,NA,NA,NA,NA,NA,NA,NA,NA,NA,NA,NA,NA,NA,NA,NA,NA,NA,NA,NA,NA,NA,NA,NA,NA,NA,NA,NA,164.26,98.79,74.05,51.1,48.62,38.19,29.76,NA,NA,NA,NA,NA,NA,NA,NA,NA,NA,NA,NA,NA,NA,NA,NA,NA,NA,NA,NA,NA,NA,NA
2016/1/25,29.1125,22016.1,-3.8,510.3,568.7,133.16,12.663,9.4,79.4398,86.0299,30.5,-0.165975104,80804.3,-0.037267317,5.8,6.92,681.57,1716.56,122.44,285.22,23219077,0.080399883,8.2,1157760,-0.339665795,12.92,NA,NA,NA,NA,NA,NA,19461.67,NA,NA,NA,NA,NA,NA,NA,NA,NA,NA,NA,NA,NA,NA,NA,NA,NA,NA,NA,NA,NA,NA,NA,NA,NA,NA,NA,NA,NA,NA,NA,NA,NA,NA,NA,NA,164.26,98.79,74.05,51.1,48.62,38.19,29.76,NA,NA,NA,NA,NA,NA,NA,NA,NA,NA,NA,NA,NA,NA,NA,NA,NA,NA,NA,NA,NA,NA,NA
2016/1/26,29.1125,22016.1,-3.8,510.3,568.7,133.16,12.663,9.4,77.9828,84.5639,31.8,-0.165975104,80804.3,-0.037267317,5.8,6.92,683.05,1705.01,122.71,285.26,23219077,0.080399883,8.2,1157760,-0.339665795,12.92,NA,NA,NA,NA,NA,NA,19461.67,NA,NA,NA,NA,NA,NA,NA,NA,NA,NA,NA,NA,NA,NA,NA,NA,NA,NA,NA,NA,NA,NA,NA,NA,NA,NA,NA,NA,NA,NA,NA,NA,NA,NA,NA,NA,164.26,98.79,74.05,51.1,48.62,38.19,29.76,NA,NA,NA,NA,NA,NA,NA,NA,NA,NA,NA,NA,NA,NA,NA,NA,NA,NA,NA,NA,NA,NA,NA
2016/1/27,29.1125,22016.1,-3.8,510.3,568.7,133.16,12.663,9.4,77.4378,84.1613,33.1,-0.165975104,80804.3,-0.037267317,5.8,6.92,704.87,1747.57,123.46,285.02,23219077,0.080399883,8.2,1157760,-0.339665795,12.92,NA,NA,NA,NA,NA,NA,19461.67,NA,NA,NA,NA,NA,NA,NA,NA,NA,NA,NA,NA,NA,NA,NA,NA,NA,NA,NA,NA,NA,NA,NA,NA,NA,NA,NA,NA,NA,NA,NA,NA,NA,NA,NA,NA,164.26,98.79,74.05,51.1,48.62,38.19,29.76,NA,NA,NA,NA,NA,NA,NA,NA,NA,NA,NA,NA,NA,NA,NA,NA,NA,NA,NA,NA,NA,NA,NA
2016/1/28,29.1125,22016.1,-3.8,510.3,568.7,133.16,12.663,9.4,76.5643,83.7967,33.89,-0.165975104,80804.3,-0.037267317,5.8,6.92,727.13,1771.93,124.5,285.86,23219077,0.080399883,8.2,1157760,-0.339665795,12.92,NA,NA,NA,NA,NA,NA,19461.67,NA,NA,NA,NA,NA,NA,NA,NA,NA,NA,NA,NA,NA,NA,NA,NA,NA,NA,NA,NA,NA,NA,NA,NA,NA,NA,NA,NA,NA,NA,NA,NA,NA,NA,NA,NA,164.26,98.79,74.05,51.1,48.62,38.19,29.76,NA,NA,NA,NA,NA,NA,NA,NA,NA,NA,NA,NA,NA,NA,NA,NA,NA,NA,NA,NA,NA,NA,NA
2016/1/29,29.1125,22016.1,-3.8,510.3,568.7,133.16,12.663,9.4,75.5466,81.7925,34.74,-0.165975104,80804.3,-0.037267317,5.8,6.92,745.3,1784.92,124.3,286,23219077,0.080399883,8.2,1157760,-0.339665795,12.92,NA,NA,NA,NA,NA,NA,19461.67,NA,NA,NA,NA,NA,NA,NA,NA,NA,NA,NA,NA,NA,NA,NA,NA,NA,NA,NA,NA,NA,NA,NA,NA,NA,NA,NA,NA,NA,NA,NA,NA,NA,NA,NA,NA,164.26,98.79,74.05,51.1,48.62,38.19,29.76,NA,NA,NA,NA,NA,NA,NA,NA,NA,NA,NA,NA,NA,NA,NA,NA,NA,NA,NA,NA,NA,NA,NA
2016/1/30,29.1125,22016.1,-3.8,510.3,568.7,133.16,12.663,9.4,75.5466,81.7925,34.74,-0.165975104,80804.3,-0.037267317,5.8,6.92,745.3,1784.92,124.3,286,23219077,0.080399883,8.2,1157760,-0.339665795,12.92,NA,NA,NA,NA,NA,NA,19461.67,NA,NA,NA,NA,NA,NA,NA,NA,NA,NA,NA,NA,NA,NA,NA,NA,NA,NA,NA,NA,NA,NA,NA,NA,NA,NA,NA,NA,NA,NA,NA,NA,NA,NA,NA,NA,164.26,98.79,74.05,51.1,48.62,38.19,29.76,NA,NA,NA,NA,NA,NA,NA,NA,NA,NA,NA,NA,NA,NA,NA,NA,NA,NA,NA,NA,NA,NA,NA
2016/1/31,29.1125,22016.1,-3.8,510.3,568.7,133.16,12.663,9.4,75.5466,81.7925,34.74,-0.165975104,80804.3,-0.037267317,5.8,6.92,745.3,1784.92,124.3,286,23219077,0.080399883,8.2,1157760,-0.339665795,12.92,NA,NA,NA,NA,NA,NA,19461.67,NA,NA,NA,NA,NA,NA,NA,NA,NA,NA,NA,NA,NA,NA,NA,NA,NA,NA,NA,NA,NA,NA,NA,NA,NA,NA,NA,NA,NA,NA,NA,NA,NA,NA,NA,NA,164.26,98.79,74.05,51.1,48.62,38.19,29.76,NA,NA,NA,NA,NA,NA,NA,NA,NA,NA,NA,NA,NA,NA,NA,NA,NA,NA,NA,NA,NA,NA,NA
2016/2/1,30.5943,22016.1,-3.8,515.2,560.8,133.16,8.481,9.4,77.3793,84.2748,34.24,-0.49783883,80804.3,-0.037267317,5.8,6.92,730.39,1773.21,123.84,286,22801529,-0.017982972,7.68,61748,-0.121137506,12.51,NA,NA,NA,NA,NA,NA,19544.19,NA,NA,NA,NA,NA,NA,NA,NA,NA,NA,NA,NA,NA,NA,NA,NA,NA,NA,NA,NA,NA,NA,NA,NA,NA,NA,NA,NA,NA,NA,NA,NA,NA,NA,NA,NA,149.88,97.07,84.12,53.62,46.89,38.11,29.85,NA,NA,NA,NA,NA,NA,NA,NA,NA,NA,NA,NA,NA,NA,NA,NA,NA,NA,NA,NA,NA,NA,NA
2016/2/2,30.5943,22016.1,-3.8,515.2,560.8,133.16,8.481,9.4,79.058,86.2443,32.72,-0.49783883,80804.3,-0.037267317,5.8,6.92,701.21,1758.26,123.28,287.42,22801529,-0.017982972,7.68,61748,-0.121137506,12.51,NA,NA,NA,NA,NA,NA,19544.19,NA,NA,NA,NA,NA,NA,NA,NA,NA,NA,NA,NA,NA,NA,NA,NA,NA,NA,NA,NA,NA,NA,NA,NA,NA,NA,NA,NA,NA,NA,NA,NA,NA,NA,NA,NA,149.88,97.07,84.12,53.62,46.89,38.11,29.85,NA,NA,NA,NA,NA,NA,NA,NA,NA,NA,NA,NA,NA,NA,NA,NA,NA,NA,NA,NA,NA,NA,NA
2016/2/3,30.5943,22016.1,-3.8,515.2,560.8,133.16,8.481,9.4,78.085,86.402,35.04,-0.49783883,80804.3,-0.037267317,5.8,6.92,696.96,1746.35,123.65,291,22801529,-0.017982972,7.68,61748,-0.121137506,12.51,NA,NA,NA,NA,NA,NA,19544.19,NA,NA,NA,NA,NA,NA,NA,NA,NA,NA,NA,NA,NA,NA,NA,NA,NA,NA,NA,NA,NA,NA,NA,NA,NA,NA,NA,NA,NA,NA,NA,NA,NA,NA,NA,NA,149.88,97.07,84.12,53.62,46.89,38.11,29.85,NA,NA,NA,NA,NA,NA,NA,NA,NA,NA,NA,NA,NA,NA,NA,NA,NA,NA,NA,NA,NA,NA,NA
2016/2/4,30.5943,22016.1,-3.8,515.2,560.8,133.16,8.481,9.4,76.3439,85.4819,34.46,-0.49783883,80804.3,-0.037267317,5.8,6.92,738.82,1787.93,124.18,291,22801529,-0.017982972,7.68,61748,-0.121137506,12.51,NA,NA,NA,NA,NA,NA,19544.19,NA,NA,NA,NA,NA,NA,NA,NA,NA,NA,NA,NA,NA,NA,NA,NA,NA,NA,NA,NA,NA,NA,NA,NA,NA,NA,NA,NA,NA,NA,NA,NA,NA,NA,NA,NA,149.88,97.07,84.12,53.62,46.89,38.11,29.85,NA,NA,NA,NA,NA,NA,NA,NA,NA,NA,NA,NA,NA,NA,NA,NA,NA,NA,NA,NA,NA,NA,NA
2016/2/5,30.5943,22016.1,-3.8,515.2,560.8,133.16,8.481,9.4,77.5366,86.491,34.06,-0.49783883,80804.3,-0.037267317,5.8,6.92,725.91,1780.59,124.03,291,22801529,-0.017982972,7.68,61748,-0.121137506,12.51,NA,NA,NA,NA,NA,NA,19544.19,NA,NA,NA,NA,NA,NA,NA,NA,NA,NA,NA,NA,NA,NA,NA,NA,NA,NA,NA,NA,NA,NA,NA,NA,NA,NA,NA,NA,NA,NA,NA,NA,NA,NA,NA,NA,149.88,97.07,84.12,53.62,46.89,38.11,29.85,NA,NA,NA,NA,NA,NA,NA,NA,NA,NA,NA,NA,NA,NA,NA,NA,NA,NA,NA,NA,NA,NA,NA
2016/2/6,30.5943,22016.1,-3.8,515.2,560.8,133.16,8.481,9.4,77.5366,86.491,34.06,-0.49783883,80804.3,-0.037267317,5.8,6.92,725.91,1780.59,124.03,301.86,22801529,-0.017982972,7.68,61748,-0.121137506,12.51,NA,NA,NA,NA,NA,NA,19544.19,NA,NA,NA,NA,NA,NA,NA,NA,NA,NA,NA,NA,NA,NA,NA,NA,NA,NA,NA,NA,NA,NA,NA,NA,NA,NA,NA,NA,NA,NA,NA,NA,NA,NA,NA,NA,149.88,97.07,84.12,53.62,46.89,38.11,29.85,NA,NA,NA,NA,NA,NA,NA,NA,NA,NA,NA,NA,NA,NA,NA,NA,NA,NA,NA,NA,NA,NA,NA
2016/2/7,30.5943,22016.1,-3.8,515.2,560.8,133.16,8.481,9.4,77.5366,86.491,34.06,-0.49783883,80804.3,-0.037267317,5.8,6.92,725.91,1780.59,124.03,301.86,22801529,-0.017982972,7.68,61748,-0.121137506,12.51,NA,NA,NA,NA,NA,NA,19544.19,NA,NA,NA,NA,NA,NA,NA,NA,NA,NA,NA,NA,NA,NA,NA,NA,NA,NA,NA,NA,NA,NA,NA,NA,NA,NA,NA,NA,NA,NA,NA,NA,NA,NA,NA,NA,149.88,97.07,84.12,53.62,46.89,38.11,29.85,NA,NA,NA,NA,NA,NA,NA,NA,NA,NA,NA,NA,NA,NA,NA,NA,NA,NA,NA,NA,NA,NA,NA
2016/2/8,30.5943,22016.1,-3.8,515.2,560.8,133.16,8.481,9.4,78.5148,87.6564,32.88,-0.49783883,80804.3,-0.037267317,5.8,6.92,704.03,1744.27,123.99,307.66,22801529,-0.017982972,7.68,61748,-0.121137506,12.51,NA,NA,NA,NA,NA,NA,19544.19,NA,NA,NA,NA,NA,NA,NA,NA,NA,NA,NA,NA,NA,NA,NA,NA,NA,NA,NA,NA,NA,NA,NA,NA,NA,NA,NA,NA,NA,NA,NA,NA,NA,NA,NA,NA,149.88,97.07,84.12,53.62,46.89,38.11,29.85,NA,NA,NA,NA,NA,NA,NA,NA,NA,NA,NA,NA,NA,NA,NA,NA,NA,NA,NA,NA,NA,NA,NA
2016/2/9,30.5943,22016.1,-3.8,515.2,560.8,133.16,8.481,9.4,79.4379,89.8505,30.32,-0.49783883,80804.3,-0.037267317,5.8,6.92,690.37,1723.36,123.52,311.1,22801529,-0.017982972,7.68,61748,-0.121137506,12.51,NA,NA,NA,NA,NA,NA,19544.19,NA,NA,NA,NA,NA,NA,NA,NA,NA,NA,NA,NA,NA,NA,NA,NA,NA,NA,NA,NA,NA,NA,NA,NA,NA,NA,NA,NA,NA,NA,NA,NA,NA,NA,NA,NA,149.88,97.07,84.12,53.62,46.89,38.11,29.85,NA,NA,NA,NA,NA,NA,NA,NA,NA,NA,NA,NA,NA,NA,NA,NA,NA,NA,NA,NA,NA,NA,NA
2016/2/10,30.5943,22016.1,-3.8,515.2,560.8,133.16,8.481,9.4,78.3907,88.0238,30.84,-0.49783883,80804.3,-0.037267317,5.8,6.92,696.61,1730.83,123.74,311.1,22801529,-0.017982972,7.68,61748,-0.121137506,12.51,NA,NA,NA,NA,NA,NA,19544.19,NA,NA,NA,NA,NA,NA,NA,NA,NA,NA,NA,NA,NA,NA,NA,NA,NA,NA,NA,NA,NA,NA,NA,NA,NA,NA,NA,NA,NA,NA,NA,NA,NA,NA,NA,NA,149.88,97.07,84.12,53.62,46.89,38.11,29.85,NA,NA,NA,NA,NA,NA,NA,NA,NA,NA,NA,NA,NA,NA,NA,NA,NA,NA,NA,NA,NA,NA,NA
2016/2/11,30.5943,22016.1,-3.8,515.2,560.8,133.16,8.481,9.4,80.23,90.8815,30.06,-0.49783883,80804.3,-0.037267317,5.8,6.92,671.34,1711.58,123.74,311.1,22801529,-0.017982972,7.68,61748,-0.121137506,12.51,NA,NA,NA,NA,NA,NA,19544.19,NA,NA,NA,NA,NA,NA,NA,NA,NA,NA,NA,NA,NA,NA,NA,NA,NA,NA,NA,NA,NA,NA,NA,NA,NA,NA,NA,NA,NA,NA,NA,NA,NA,NA,NA,NA,149.88,97.07,84.12,53.62,46.89,38.11,29.85,NA,NA,NA,NA,NA,NA,NA,NA,NA,NA,NA,NA,NA,NA,NA,NA,NA,NA,NA,NA,NA,NA,NA
2016/2/12,30.5943,22016.1,-3.8,515.2,560.8,133.16,8.481,9.4,78.6638,88.5283,33.36,-0.49783883,80804.3,-0.037267317,5.8,6.92,689.9,1726.04,123.65,311.1,22801529,-0.017982972,7.68,61748,-0.121137506,12.51,NA,NA,NA,NA,NA,NA,19544.19,NA,NA,NA,NA,NA,NA,NA,NA,NA,NA,NA,NA,NA,NA,NA,NA,NA,NA,NA,NA,NA,NA,NA,NA,NA,NA,NA,NA,NA,NA,NA,NA,NA,NA,NA,NA,149.88,97.07,84.12,53.62,46.89,38.11,29.85,NA,NA,NA,NA,NA,NA,NA,NA,NA,NA,NA,NA,NA,NA,NA,NA,NA,NA,NA,NA,NA,NA,NA
2016/2/13,30.5943,22016.1,-3.8,515.2,560.8,133.16,8.481,9.4,78.6638,88.5283,33.36,-0.49783883,80804.3,-0.037267317,5.8,6.92,689.9,1726.04,123.65,311.1,22801529,-0.017982972,7.68,61748,-0.121137506,12.51,NA,NA,NA,NA,NA,NA,19544.19,NA,NA,NA,NA,NA,NA,NA,NA,NA,NA,NA,NA,NA,NA,NA,NA,NA,NA,NA,NA,NA,NA,NA,NA,NA,NA,NA,NA,NA,NA,NA,NA,NA,NA,NA,NA,149.88,97.07,84.12,53.62,46.89,38.11,29.85,NA,NA,NA,NA,NA,NA,NA,NA,NA,NA,NA,NA,NA,NA,NA,NA,NA,NA,NA,NA,NA,NA,NA
2016/2/14,30.5943,22016.1,-3.8,515.2,560.8,133.16,8.481,9.4,78.6638,88.5283,33.36,-0.49783883,80804.3,-0.037267317,5.8,6.92,689.9,1726.04,123.65,311.1,22801529,-0.017982972,7.68,61748,-0.121137506,12.51,NA,NA,NA,NA,NA,NA,19544.19,NA,NA,NA,NA,NA,NA,NA,NA,NA,NA,NA,NA,NA,NA,NA,NA,NA,NA,NA,NA,NA,NA,NA,NA,NA,NA,NA,NA,NA,NA,NA,NA,NA,NA,NA,NA,149.88,97.07,84.12,53.62,46.89,38.11,29.85,NA,NA,NA,NA,NA,NA,NA,NA,NA,NA,NA,NA,NA,NA,NA,NA,NA,NA,NA,NA,NA,NA,NA
2016/2/15,30.5943,22016.1,-3.8,515.2,560.8,133.16,8.481,9.4,77.6745,86.6494,33.39,-0.49783883,80804.3,-0.037267317,5.8,6.92,707.24,1738.54,124.4,288.53,22801529,-0.017982972,7.68,61748,-0.121137506,12.51,NA,NA,NA,NA,NA,NA,19544.19,NA,NA,NA,NA,NA,NA,NA,NA,NA,NA,NA,NA,NA,NA,NA,NA,NA,NA,NA,NA,NA,NA,NA,NA,NA,NA,NA,NA,NA,NA,NA,NA,NA,NA,NA,NA,149.88,97.07,84.12,53.62,46.89,38.11,29.85,NA,NA,NA,NA,NA,NA,NA,NA,NA,NA,NA,NA,NA,NA,NA,NA,NA,NA,NA,NA,NA,NA,NA
2016/2/16,30.5943,22016.1,-3.8,515.2,560.8,133.16,8.481,9.4,77.6846,86.5188,32.18,-0.49783883,80804.3,-0.037267317,5.8,6.92,708.61,1753.86,124.26,288.62,22801529,-0.017982972,7.68,61748,-0.121137506,12.51,NA,NA,NA,NA,NA,NA,19544.19,NA,NA,NA,NA,NA,NA,NA,NA,NA,NA,NA,NA,NA,NA,NA,NA,NA,NA,NA,NA,NA,NA,NA,NA,NA,NA,NA,NA,NA,NA,NA,NA,NA,NA,NA,NA,149.88,97.07,84.12,53.62,46.89,38.11,29.85,NA,NA,NA,NA,NA,NA,NA,NA,NA,NA,NA,NA,NA,NA,NA,NA,NA,NA,NA,NA,NA,NA,NA
2016/2/17,30.5943,22016.1,-3.8,515.2,560.8,133.16,8.481,9.4,75.1378,83.7385,34.5,-0.49783883,80804.3,-0.037267317,5.8,6.92,735.81,1770.31,124.29,287.66,22801529,-0.017982972,7.68,61748,-0.121137506,12.51,NA,NA,NA,NA,NA,NA,19544.19,NA,NA,NA,NA,NA,NA,NA,NA,NA,NA,NA,NA,NA,NA,NA,NA,NA,NA,NA,NA,NA,NA,NA,NA,NA,NA,NA,NA,NA,NA,NA,NA,NA,NA,NA,NA,149.88,97.07,84.12,53.62,46.89,38.11,29.85,NA,NA,NA,NA,NA,NA,NA,NA,NA,NA,NA,NA,NA,NA,NA,NA,NA,NA,NA,NA,NA,NA,NA
2016/2/18,30.5943,22016.1,-3.8,515.2,560.8,133.16,8.481,9.4,76.1718,84.6671,34.28,-0.49783883,80804.3,-0.037267317,5.8,6.92,752.89,1807.21,124.98,288.34,22801529,-0.017982972,7.68,61748,-0.121137506,12.51,NA,NA,NA,NA,NA,NA,19544.19,NA,NA,NA,NA,NA,NA,NA,NA,NA,NA,NA,NA,NA,NA,NA,NA,NA,NA,NA,NA,NA,NA,NA,NA,NA,NA,NA,NA,NA,NA,NA,NA,NA,NA,NA,NA,149.88,97.07,84.12,53.62,46.89,38.11,29.85,NA,NA,NA,NA,NA,NA,NA,NA,NA,NA,NA,NA,NA,NA,NA,NA,NA,NA,NA,NA,NA,NA,NA
2016/2/19,30.5943,22016.1,-3.8,515.2,560.8,133.16,8.481,9.4,77,85.7221,33.01,-0.49783883,80804.3,-0.037267317,5.8,6.92,725.98,1793.37,125.22,289.08,22801529,-0.017982972,7.68,61748,-0.121137506,12.51,NA,NA,NA,NA,NA,NA,19544.19,NA,NA,NA,NA,NA,NA,NA,NA,NA,NA,NA,NA,NA,NA,NA,NA,NA,NA,NA,NA,NA,NA,NA,NA,NA,NA,NA,NA,NA,NA,NA,NA,NA,NA,NA,NA,149.88,97.07,84.12,53.62,46.89,38.11,29.85,NA,NA,NA,NA,NA,NA,NA,NA,NA,NA,NA,NA,NA,NA,NA,NA,NA,NA,NA,NA,NA,NA,NA
2016/2/20,30.5943,22016.1,-3.8,515.2,560.8,133.16,8.481,9.4,77,85.7221,33.01,-0.49783883,80804.3,-0.037267317,5.8,6.92,725.98,1793.37,125.26,289.08,22801529,-0.017982972,7.68,61748,-0.121137506,12.51,NA,NA,NA,NA,NA,NA,19544.19,NA,NA,NA,NA,NA,NA,NA,NA,NA,NA,NA,NA,NA,NA,NA,NA,NA,NA,NA,NA,NA,NA,NA,NA,NA,NA,NA,NA,NA,NA,NA,NA,NA,NA,NA,NA,149.88,97.07,84.12,53.62,46.89,38.11,29.85,NA,NA,NA,NA,NA,NA,NA,NA,NA,NA,NA,NA,NA,NA,NA,NA,NA,NA,NA,NA,NA,NA,NA
2016/2/21,30.5943,22016.1,-3.8,515.2,560.8,133.16,8.481,9.4,77,85.7221,33.01,-0.49783883,80804.3,-0.037267317,5.8,6.92,725.98,1793.37,125.26,289.08,22801529,-0.017982972,7.68,61748,-0.121137506,12.51,NA,NA,NA,NA,NA,NA,19544.19,NA,NA,NA,NA,NA,NA,NA,NA,NA,NA,NA,NA,NA,NA,NA,NA,NA,NA,NA,NA,NA,NA,NA,NA,NA,NA,NA,NA,NA,NA,NA,NA,NA,NA,NA,NA,149.88,97.07,84.12,53.62,46.89,38.11,29.85,NA,NA,NA,NA,NA,NA,NA,NA,NA,NA,NA,NA,NA,NA,NA,NA,NA,NA,NA,NA,NA,NA,NA
2016/2/22,30.5943,22016.1,-3.8,515.2,560.8,133.16,8.481,9.4,75.1234,82.841,34.69,-0.49783883,80804.3,-0.037267317,5.8,6.92,761.48,1822.38,125.5,290.26,22801529,-0.017982972,7.68,61748,-0.121137506,12.51,NA,NA,NA,NA,NA,NA,19544.19,NA,NA,NA,NA,NA,NA,NA,NA,NA,NA,NA,NA,NA,NA,NA,NA,NA,NA,NA,NA,NA,NA,NA,NA,NA,NA,NA,NA,NA,NA,NA,NA,NA,NA,NA,NA,149.88,97.07,84.12,53.62,46.89,38.11,29.85,NA,NA,NA,NA,NA,NA,NA,NA,NA,NA,NA,NA,NA,NA,NA,NA,NA,NA,NA,NA,NA,NA,NA
2016/2/23,30.5943,22016.1,-3.8,515.2,560.8,133.16,8.481,9.4,76.015,83.7807,33.27,-0.49783883,80804.3,-0.037267317,5.8,6.92,761.48,1822.38,125.5,290.26,22801529,-0.017982972,7.68,61748,-0.121137506,12.51,NA,NA,NA,NA,NA,NA,19544.19,NA,NA,NA,NA,NA,NA,NA,NA,NA,NA,NA,NA,NA,NA,NA,NA,NA,NA,NA,NA,NA,NA,NA,NA,NA,NA,NA,NA,NA,NA,NA,NA,NA,NA,NA,NA,149.88,97.07,84.12,53.62,46.89,38.11,29.85,NA,NA,NA,NA,NA,NA,NA,NA,NA,NA,NA,NA,NA,NA,NA,NA,NA,NA,NA,NA,NA,NA,NA
2016/2/24,30.5943,22016.1,-3.8,515.2,560.8,133.16,8.481,9.4,76.2874,84.1019,34.41,-0.49783883,80804.3,-0.037267317,5.8,6.92,737.73,1797.27,125.59,289.63,22801529,-0.017982972,7.68,61748,-0.121137506,12.51,NA,NA,NA,NA,NA,NA,19544.19,NA,NA,NA,NA,NA,NA,NA,NA,NA,NA,NA,NA,NA,NA,NA,NA,NA,NA,NA,NA,NA,NA,NA,NA,NA,NA,NA,NA,NA,NA,NA,NA,NA,NA,NA,NA,149.88,97.07,84.12,53.62,46.89,38.11,29.85,NA,NA,NA,NA,NA,NA,NA,NA,NA,NA,NA,NA,NA,NA,NA,NA,NA,NA,NA,NA,NA,NA,NA
2016/2/25,30.5943,22016.1,-3.8,515.2,560.8,133.16,8.481,9.4,75.889,83.782,35.29,-0.49783883,80804.3,-0.037267317,5.8,6.92,745.53,1803.89,126.44,289.86,22801529,-0.017982972,7.68,61748,-0.121137506,12.51,NA,NA,NA,NA,NA,NA,19544.19,NA,NA,NA,NA,NA,NA,NA,NA,NA,NA,NA,NA,NA,NA,NA,NA,NA,NA,NA,NA,NA,NA,NA,NA,NA,NA,NA,NA,NA,NA,NA,NA,NA,NA,NA,NA,149.88,97.07,84.12,53.62,46.89,38.11,29.85,NA,NA,NA,NA,NA,NA,NA,NA,NA,NA,NA,NA,NA,NA,NA,NA,NA,NA,NA,NA,NA,NA,NA
2016/2/26,30.5943,22016.1,-3.8,515.2,560.8,133.16,8.481,9.4,76.3175,83.4035,35.1,-0.49783883,80804.3,-0.037267317,5.8,6.92,757.45,1816.73,126.9,290.48,22801529,-0.017982972,7.68,61748,-0.121137506,12.51,NA,NA,NA,NA,NA,NA,19544.19,NA,NA,NA,NA,NA,NA,NA,NA,NA,NA,NA,NA,NA,NA,NA,NA,NA,NA,NA,NA,NA,NA,NA,NA,NA,NA,NA,NA,NA,NA,NA,NA,NA,NA,NA,NA,149.88,97.07,84.12,53.62,46.89,38.11,29.85,NA,NA,NA,NA,NA,NA,NA,NA,NA,NA,NA,NA,NA,NA,NA,NA,NA,NA,NA,NA,NA,NA,NA
2016/2/27,30.5943,22016.1,-3.8,515.2,560.8,133.16,8.481,9.4,76.3175,83.4035,35.1,-0.49783883,80804.3,-0.037267317,5.8,6.92,757.45,1816.73,126.9,290.48,22801529,-0.017982972,7.68,61748,-0.121137506,12.51,NA,NA,NA,NA,NA,NA,19544.19,NA,NA,NA,NA,NA,NA,NA,NA,NA,NA,NA,NA,NA,NA,NA,NA,NA,NA,NA,NA,NA,NA,NA,NA,NA,NA,NA,NA,NA,NA,NA,NA,NA,NA,NA,NA,149.88,97.07,84.12,53.62,46.89,38.11,29.85,NA,NA,NA,NA,NA,NA,NA,NA,NA,NA,NA,NA,NA,NA,NA,NA,NA,NA,NA,NA,NA,NA,NA
2016/2/28,30.5943,22016.1,-3.8,515.2,560.8,133.16,8.481,9.4,76.3175,83.4035,35.1,-0.49783883,80804.3,-0.037267317,5.8,6.92,757.45,1816.73,126.9,290.48,22801529,-0.017982972,7.68,61748,-0.121137506,12.51,NA,NA,NA,NA,NA,NA,19544.19,NA,NA,NA,NA,NA,NA,NA,NA,NA,NA,NA,NA,NA,NA,NA,NA,NA,NA,NA,NA,NA,NA,NA,NA,NA,NA,NA,NA,NA,NA,NA,NA,NA,NA,NA,NA,149.88,97.07,84.12,53.62,46.89,38.11,29.85,NA,NA,NA,NA,NA,NA,NA,NA,NA,NA,NA,NA,NA,NA,NA,NA,NA,NA,NA,NA,NA,NA,NA
2016/2/29,30.5943,22016.1,-3.8,515.2,560.8,133.16,8.481,9.4,74.9774,81.5313,35.97,-0.49783883,80804.3,-0.037267317,5.8,6.92,768.8,1840.17,126.87,290.59,22801529,-0.017982972,7.68,61748,-0.121137506,12.51,NA,NA,NA,NA,NA,NA,19544.19,NA,NA,NA,NA,NA,NA,NA,NA,NA,NA,NA,NA,NA,NA,NA,NA,NA,NA,NA,NA,NA,NA,NA,NA,NA,NA,NA,NA,NA,NA,NA,NA,NA,NA,NA,NA,149.88,97.07,84.12,53.62,46.89,38.11,29.85,NA,NA,NA,NA,NA,NA,NA,NA,NA,NA,NA,NA,NA,NA,NA,NA,NA,NA,NA,NA,NA,NA,NA
2016/3/1,36.6171,22016.1,-3.8,518.5,551.9,133.16,7.991,9.4,73.3816,79.6657,36.81,-0.456209595,80804.3,-0.037267317,5.8,6.92,786.36,1844.17,127.78,290.59,22970506,0.007410775,7.46,204217,0.364721999,12.1,NA,NA,NA,NA,NA,NA,19807.43,NA,NA,NA,NA,NA,NA,NA,NA,NA,NA,NA,NA,NA,NA,NA,NA,NA,NA,NA,NA,NA,NA,NA,NA,NA,NA,NA,NA,NA,NA,NA,NA,NA,NA,NA,NA,174.65,115.18,72.09,50.68,47.05,38.06,29.67,NA,NA,NA,NA,NA,NA,NA,NA,NA,NA,NA,NA,NA,NA,NA,NA,NA,NA,NA,NA,NA,NA,NA
2016/3/2,36.6171,22016.1,-3.8,518.5,551.9,133.16,7.991,9.4,73.327,79.5712,36.93,-0.456209595,80804.3,-0.037267317,5.8,6.92,780.16,1832.84,128.27,287.56,22970506,0.007410775,7.46,204217,0.364721999,12.1,NA,NA,NA,NA,NA,NA,19807.43,NA,NA,NA,NA,NA,NA,NA,NA,NA,NA,NA,NA,NA,NA,NA,NA,NA,NA,NA,NA,NA,NA,NA,NA,NA,NA,NA,NA,NA,NA,NA,NA,NA,NA,NA,NA,174.65,115.18,72.09,50.68,47.05,38.06,29.67,NA,NA,NA,NA,NA,NA,NA,NA,NA,NA,NA,NA,NA,NA,NA,NA,NA,NA,NA,NA,NA,NA,NA
2016/3/3,36.6171,22016.1,-3.8,518.5,551.9,133.16,7.991,9.4,73.2764,80.1999,37.07,-0.456209595,80804.3,-0.037267317,5.8,6.92,798.58,1858.69,128.43,291.44,22970506,0.007410775,7.46,204217,0.364721999,12.1,NA,NA,NA,NA,NA,NA,19807.43,NA,NA,NA,NA,NA,NA,NA,NA,NA,NA,NA,NA,NA,NA,NA,NA,NA,NA,NA,NA,NA,NA,NA,NA,NA,NA,NA,NA,NA,NA,NA,NA,NA,NA,NA,NA,174.65,115.18,72.09,50.68,47.05,38.06,29.67,NA,NA,NA,NA,NA,NA,NA,NA,NA,NA,NA,NA,NA,NA,NA,NA,NA,NA,NA,NA,NA,NA,NA
2016/3/4,36.6171,22016.1,-3.8,518.5,551.9,133.16,7.991,9.4,71.875,79.1675,38.72,-0.456209595,80804.3,-0.037267317,5.8,6.92,818.25,1878.29,128.83,291.44,22970506,0.007410775,7.46,204217,0.364721999,12.1,NA,NA,NA,NA,NA,NA,19807.43,NA,NA,NA,NA,NA,NA,NA,NA,NA,NA,NA,NA,NA,NA,NA,NA,NA,NA,NA,NA,NA,NA,NA,NA,NA,NA,NA,NA,NA,NA,NA,NA,NA,NA,NA,NA,174.65,115.18,72.09,50.68,47.05,38.06,29.67,NA,NA,NA,NA,NA,NA,NA,NA,NA,NA,NA,NA,NA,NA,NA,NA,NA,NA,NA,NA,NA,NA,NA
2016/3/5,36.6171,22016.1,-3.8,518.5,551.9,133.16,7.991,9.4,71.875,79.1675,38.72,-0.456209595,80804.3,-0.037267317,5.8,6.92,818.25,1878.29,128.83,291.44,22970506,0.007410775,7.46,204217,0.364721999,12.1,NA,NA,NA,NA,NA,NA,19807.43,NA,NA,NA,NA,NA,NA,NA,NA,NA,NA,NA,NA,NA,NA,NA,NA,NA,NA,NA,NA,NA,NA,NA,NA,NA,NA,NA,NA,NA,NA,NA,NA,NA,NA,NA,NA,174.65,115.18,72.09,50.68,47.05,38.06,29.67,NA,NA,NA,NA,NA,NA,NA,NA,NA,NA,NA,NA,NA,NA,NA,NA,NA,NA,NA,NA,NA,NA,NA
2016/3/6,36.6171,22016.1,-3.8,518.5,551.9,133.16,7.991,9.4,71.875,79.1675,38.72,-0.456209595,80804.3,-0.037267317,5.8,6.92,818.25,1878.29,128.83,301.69,22970506,0.007410775,7.46,204217,0.364721999,12.1,NA,NA,NA,NA,NA,NA,19807.43,NA,NA,NA,NA,NA,NA,NA,NA,NA,NA,NA,NA,NA,NA,NA,NA,NA,NA,NA,NA,NA,NA,NA,NA,NA,NA,NA,NA,NA,NA,NA,NA,NA,NA,NA,NA,174.65,115.18,72.09,50.68,47.05,38.06,29.67,NA,NA,NA,NA,NA,NA,NA,NA,NA,NA,NA,NA,NA,NA,NA,NA,NA,NA,NA,NA,NA,NA,NA
2016/3/7,36.6171,22016.1,-3.8,518.5,551.9,133.16,7.991,9.4,71.3089,78.5929,40.84,-0.456209595,80804.3,-0.037267317,5.8,6.92,839.23,1909.57,129,301.69,22970506,0.007410775,7.46,204217,0.364721999,12.1,NA,NA,NA,NA,NA,NA,19807.43,NA,NA,NA,NA,NA,NA,NA,NA,NA,NA,NA,NA,NA,NA,NA,NA,NA,NA,NA,NA,NA,NA,NA,NA,NA,NA,NA,NA,NA,NA,NA,NA,NA,NA,NA,NA,174.65,115.18,72.09,50.68,47.05,38.06,29.67,NA,NA,NA,NA,NA,NA,NA,NA,NA,NA,NA,NA,NA,NA,NA,NA,NA,NA,NA,NA,NA,NA,NA
2016/3/8,36.6171,22016.1,-3.8,518.5,551.9,133.16,7.991,9.4,72.7465,80.1572,39.65,-0.456209595,80804.3,-0.037267317,5.8,6.92,839.23,1909.57,129,307.67,22970506,0.007410775,7.46,204217,0.364721999,12.1,NA,NA,NA,NA,NA,NA,19807.43,NA,NA,NA,NA,NA,NA,NA,NA,NA,NA,NA,NA,NA,NA,NA,NA,NA,NA,NA,NA,NA,NA,NA,NA,NA,NA,NA,NA,NA,NA,NA,NA,NA,NA,NA,NA,174.65,115.18,72.09,50.68,47.05,38.06,29.67,NA,NA,NA,NA,NA,NA,NA,NA,NA,NA,NA,NA,NA,NA,NA,NA,NA,NA,NA,NA,NA,NA,NA
2016/3/9,36.6171,22016.1,-3.8,518.5,551.9,133.16,7.991,9.4,71.159,78.4703,41.07,-0.456209595,80804.3,-0.037267317,5.8,6.92,835.64,1883,129.02,307.67,22970506,0.007410775,7.46,204217,0.364721999,12.1,NA,NA,NA,NA,NA,NA,19807.43,NA,NA,NA,NA,NA,NA,NA,NA,NA,NA,NA,NA,NA,NA,NA,NA,NA,NA,NA,NA,NA,NA,NA,NA,NA,NA,NA,NA,NA,NA,NA,NA,NA,NA,NA,NA,174.65,115.18,72.09,50.68,47.05,38.06,29.67,NA,NA,NA,NA,NA,NA,NA,NA,NA,NA,NA,NA,NA,NA,NA,NA,NA,NA,NA,NA,NA,NA,NA
2016/3/10,36.6171,22016.1,-3.8,518.5,551.9,133.16,7.991,9.4,71.6975,80.2578,40.05,-0.456209595,80804.3,-0.037267317,5.8,6.92,834.24,1884.63,128.89,314.07,22970506,0.007410775,7.46,204217,0.364721999,12.1,NA,NA,NA,NA,NA,NA,19807.43,NA,NA,NA,NA,NA,NA,NA,NA,NA,NA,NA,NA,NA,NA,NA,NA,NA,NA,NA,NA,NA,NA,NA,NA,NA,NA,NA,NA,NA,NA,NA,NA,NA,NA,NA,NA,174.65,115.18,72.09,50.68,47.05,38.06,29.67,NA,NA,NA,NA,NA,NA,NA,NA,NA,NA,NA,NA,NA,NA,NA,NA,NA,NA,NA,NA,NA,NA,NA
2016/3/11,36.6171,22016.1,-3.8,518.5,551.9,133.16,7.991,9.4,69.7079,77.2848,40.39,-0.456209595,80804.3,-0.037267317,5.8,6.92,845.59,1876.54,128.6,314.07,22970506,0.007410775,7.46,204217,0.364721999,12.1,NA,NA,NA,NA,NA,NA,19807.43,NA,NA,NA,NA,NA,NA,NA,NA,NA,NA,NA,NA,NA,NA,NA,NA,NA,NA,NA,NA,NA,NA,NA,NA,NA,NA,NA,NA,NA,NA,NA,NA,NA,NA,NA,NA,174.65,115.18,72.09,50.68,47.05,38.06,29.67,NA,NA,NA,NA,NA,NA,NA,NA,NA,NA,NA,NA,NA,NA,NA,NA,NA,NA,NA,NA,NA,NA,NA
2016/3/12,36.6171,22016.1,-3.8,518.5,551.9,133.16,7.991,9.4,69.7079,77.2848,40.39,-0.456209595,80804.3,-0.037267317,5.8,6.92,845.59,1876.54,128.6,314.07,22970506,0.007410775,7.46,204217,0.364721999,12.1,NA,NA,NA,NA,NA,NA,19807.43,NA,NA,NA,NA,NA,NA,NA,NA,NA,NA,NA,NA,NA,NA,NA,NA,NA,NA,NA,NA,NA,NA,NA,NA,NA,NA,NA,NA,NA,NA,NA,NA,NA,NA,NA,NA,174.65,115.18,72.09,50.68,47.05,38.06,29.67,NA,NA,NA,NA,NA,NA,NA,NA,NA,NA,NA,NA,NA,NA,NA,NA,NA,NA,NA,NA,NA,NA,NA
2016/3/13,36.6171,22016.1,-3.8,518.5,551.9,133.16,7.991,9.4,69.7079,77.2848,40.39,-0.456209595,80804.3,-0.037267317,5.8,6.92,845.59,1876.54,128.6,314.07,22970506,0.007410775,7.46,204217,0.364721999,12.1,NA,NA,NA,NA,NA,NA,19807.43,NA,NA,NA,NA,NA,NA,NA,NA,NA,NA,NA,NA,NA,NA,NA,NA,NA,NA,NA,NA,NA,NA,NA,NA,NA,NA,NA,NA,NA,NA,NA,NA,NA,NA,NA,NA,174.65,115.18,72.09,50.68,47.05,38.06,29.67,NA,NA,NA,NA,NA,NA,NA,NA,NA,NA,NA,NA,NA,NA,NA,NA,NA,NA,NA,NA,NA,NA,NA
2016/3/14,36.6171,22016.1,-3.8,518.5,551.9,133.16,7.991,9.4,70.2661,77.8873,39.53,-0.456209595,80804.3,-0.037267317,5.8,6.92,830.54,1865.31,128.14,294.24,22970506,0.007410775,7.46,204217,0.364721999,12.1,NA,NA,NA,NA,NA,NA,19807.43,NA,NA,NA,NA,NA,NA,NA,NA,NA,NA,NA,NA,NA,NA,NA,NA,NA,NA,NA,NA,NA,NA,NA,NA,NA,NA,NA,NA,NA,NA,NA,NA,NA,NA,NA,NA,174.65,115.18,72.09,50.68,47.05,38.06,29.67,NA,NA,NA,NA,NA,NA,NA,NA,NA,NA,NA,NA,NA,NA,NA,NA,NA,NA,NA,NA,NA,NA,NA
2016/3/15,36.6171,22016.1,-3.8,518.5,551.9,133.16,7.991,9.4,71.0578,78.9521,38.74,-0.456209595,80804.3,-0.037267317,5.8,6.92,821.64,1855.06,127.94,293.67,22970506,0.007410775,7.46,204217,0.364721999,12.1,NA,NA,NA,NA,NA,NA,19807.43,NA,NA,NA,NA,NA,NA,NA,NA,NA,NA,NA,NA,NA,NA,NA,NA,NA,NA,NA,NA,NA,NA,NA,NA,NA,NA,NA,NA,NA,NA,NA,NA,NA,NA,NA,NA,174.65,115.18,72.09,50.68,47.05,38.06,29.67,NA,NA,NA,NA,NA,NA,NA,NA,NA,NA,NA,NA,NA,NA,NA,NA,NA,NA,NA,NA,NA,NA,NA
2016/3/16,36.6171,22016.1,-3.8,518.5,551.9,133.16,7.991,9.4,70.6115,78.2942,40.33,-0.456209595,80804.3,-0.037267317,5.8,6.92,835.97,1871.2,128.02,293.73,22970506,0.007410775,7.46,204217,0.364721999,12.1,NA,NA,NA,NA,NA,NA,19807.43,NA,NA,NA,NA,NA,NA,NA,NA,NA,NA,NA,NA,NA,NA,NA,NA,NA,NA,NA,NA,NA,NA,NA,NA,NA,NA,NA,NA,NA,NA,NA,NA,NA,NA,NA,NA,174.65,115.18,72.09,50.68,47.05,38.06,29.67,NA,NA,NA,NA,NA,NA,NA,NA,NA,NA,NA,NA,NA,NA,NA,NA,NA,NA,NA,NA,NA,NA,NA
2016/3/17,36.6171,22016.1,-3.8,518.5,551.9,133.16,7.991,9.4,68.0735,77.0411,41.54,-0.456209595,80804.3,-0.037267317,5.8,6.92,873.8,1890.79,129.05,293.61,22970506,0.007410775,7.46,204217,0.364721999,12.1,NA,NA,NA,NA,NA,NA,19807.43,NA,NA,NA,NA,NA,NA,NA,NA,NA,NA,NA,NA,NA,NA,NA,NA,NA,NA,NA,NA,NA,NA,NA,NA,NA,NA,NA,NA,NA,NA,NA,NA,NA,NA,NA,NA,174.65,115.18,72.09,50.68,47.05,38.06,29.67,NA,NA,NA,NA,NA,NA,NA,NA,NA,NA,NA,NA,NA,NA,NA,NA,NA,NA,NA,NA,NA,NA,NA
2016/3/18,36.6171,22016.1,-3.8,518.5,551.9,133.16,7.991,9.4,68.24,76.92,41.2,-0.456209595,80804.3,-0.037267317,5.8,6.92,885.13,1914.02,129.79,293.71,22970506,0.007410775,7.46,204217,0.364721999,12.1,NA,NA,NA,NA,NA,NA,19807.43,NA,NA,NA,NA,NA,NA,NA,NA,NA,NA,NA,NA,NA,NA,NA,NA,NA,NA,NA,NA,NA,NA,NA,NA,NA,NA,NA,NA,NA,NA,NA,NA,NA,NA,NA,NA,174.65,115.18,72.09,50.68,47.05,38.06,29.67,NA,NA,NA,NA,NA,NA,NA,NA,NA,NA,NA,NA,NA,NA,NA,NA,NA,NA,NA,NA,NA,NA,NA
2016/3/19,36.6171,22016.1,-3.8,518.5,551.9,133.16,7.991,9.4,68.24,76.92,41.2,-0.456209595,80804.3,-0.037267317,5.8,6.92,885.13,1914.02,129.79,293.71,22970506,0.007410775,7.46,204217,0.364721999,12.1,NA,NA,NA,NA,NA,NA,19807.43,NA,NA,NA,NA,NA,NA,NA,NA,NA,NA,NA,NA,NA,NA,NA,NA,NA,NA,NA,NA,NA,NA,NA,NA,NA,NA,NA,NA,NA,NA,NA,NA,NA,NA,NA,NA,174.65,115.18,72.09,50.68,47.05,38.06,29.67,NA,NA,NA,NA,NA,NA,NA,NA,NA,NA,NA,NA,NA,NA,NA,NA,NA,NA,NA,NA,NA,NA,NA
2016/3/20,36.6171,22016.1,-3.8,518.5,551.9,133.16,7.991,9.4,68.24,76.92,41.2,-0.456209595,80804.3,-0.037267317,5.8,6.92,885.13,1914.02,129.79,293.71,22970506,0.007410775,7.46,204217,0.364721999,12.1,NA,NA,NA,NA,NA,NA,19807.43,NA,NA,NA,NA,NA,NA,NA,NA,NA,NA,NA,NA,NA,NA,NA,NA,NA,NA,NA,NA,NA,NA,NA,NA,NA,NA,NA,NA,NA,NA,NA,NA,NA,NA,NA,NA,174.65,115.18,72.09,50.68,47.05,38.06,29.67,NA,NA,NA,NA,NA,NA,NA,NA,NA,NA,NA,NA,NA,NA,NA,NA,NA,NA,NA,NA,NA,NA,NA
2016/3/21,36.6171,22016.1,-3.8,518.5,551.9,133.16,7.991,9.4,67.9096,76.3865,41.54,-0.456209595,80804.3,-0.037267317,5.8,6.92,883.6,1904.5,129.68,293.87,22970506,0.007410775,7.46,204217,0.364721999,12.1,NA,NA,NA,NA,NA,NA,19807.43,NA,NA,NA,NA,NA,NA,NA,NA,NA,NA,NA,NA,NA,NA,NA,NA,NA,NA,NA,NA,NA,NA,NA,NA,NA,NA,NA,NA,NA,NA,NA,NA,NA,NA,NA,NA,174.65,115.18,72.09,50.68,47.05,38.06,29.67,NA,NA,NA,NA,NA,NA,NA,NA,NA,NA,NA,NA,NA,NA,NA,NA,NA,NA,NA,NA,NA,NA,NA
2016/3/22,36.6171,22016.1,-3.8,518.5,551.9,133.16,7.991,9.4,67.2352,75.4405,41.79,-0.456209595,80804.3,-0.037267317,5.8,6.92,889.02,1903.47,129.72,293.96,22970506,0.007410775,7.46,204217,0.364721999,12.1,NA,NA,NA,NA,NA,NA,19807.43,NA,NA,NA,NA,NA,NA,NA,NA,NA,NA,NA,NA,NA,NA,NA,NA,NA,NA,NA,NA,NA,NA,NA,NA,NA,NA,NA,NA,NA,NA,NA,NA,NA,NA,NA,NA,174.65,115.18,72.09,50.68,47.05,38.06,29.67,NA,NA,NA,NA,NA,NA,NA,NA,NA,NA,NA,NA,NA,NA,NA,NA,NA,NA,NA,NA,NA,NA,NA
2016/3/23,36.6171,22016.1,-3.8,518.5,551.9,133.16,7.991,9.4,68.2448,76.3187,40.47,-0.456209595,80804.3,-0.037267317,5.8,6.92,865.4,1879.89,129.53,294.02,22970506,0.007410775,7.46,204217,0.364721999,12.1,NA,NA,NA,NA,NA,NA,19807.43,NA,NA,NA,NA,NA,NA,NA,NA,NA,NA,NA,NA,NA,NA,NA,NA,NA,NA,NA,NA,NA,NA,NA,NA,NA,NA,NA,NA,NA,NA,NA,NA,NA,NA,NA,NA,174.65,115.18,72.09,50.68,47.05,38.06,29.67,NA,NA,NA,NA,NA,NA,NA,NA,NA,NA,NA,NA,NA,NA,NA,NA,NA,NA,NA,NA,NA,NA,NA
2016/3/24,36.6171,22016.1,-3.8,518.5,551.9,133.16,7.991,9.4,68.838,77.0601,40.44,-0.456209595,80804.3,-0.037267317,5.8,6.92,847.26,1866.67,128.76,294.04,22970506,0.007410775,7.46,204217,0.364721999,12.1,NA,NA,NA,NA,NA,NA,19807.43,NA,NA,NA,NA,NA,NA,NA,NA,NA,NA,NA,NA,NA,NA,NA,NA,NA,NA,NA,NA,NA,NA,NA,NA,NA,NA,NA,NA,NA,NA,NA,NA,NA,NA,NA,NA,174.65,115.18,72.09,50.68,47.05,38.06,29.67,NA,NA,NA,NA,NA,NA,NA,NA,NA,NA,NA,NA,NA,NA,NA,NA,NA,NA,NA,NA,NA,NA,NA
2016/3/25,36.6171,22016.1,-3.8,518.5,551.9,133.16,7.991,9.4,68.175,76.5788,40.44,-0.456209595,80804.3,-0.037267317,5.8,6.92,862.22,1866.23,129.2,294.47,22970506,0.007410775,7.46,204217,0.364721999,12.1,NA,NA,NA,NA,NA,NA,19807.43,NA,NA,NA,NA,NA,NA,NA,NA,NA,NA,NA,NA,NA,NA,NA,NA,NA,NA,NA,NA,NA,NA,NA,NA,NA,NA,NA,NA,NA,NA,NA,NA,NA,NA,NA,NA,174.65,115.18,72.09,50.68,47.05,38.06,29.67,NA,NA,NA,NA,NA,NA,NA,NA,NA,NA,NA,NA,NA,NA,NA,NA,NA,NA,NA,NA,NA,NA,NA
2016/3/26,36.6171,22016.1,-3.8,518.5,551.9,133.16,7.991,9.4,68.175,76.5788,40.44,-0.456209595,80804.3,-0.037267317,5.8,6.92,862.22,1866.23,129.2,294.47,22970506,0.007410775,7.46,204217,0.364721999,12.1,NA,NA,NA,NA,NA,NA,19807.43,NA,NA,NA,NA,NA,NA,NA,NA,NA,NA,NA,NA,NA,NA,NA,NA,NA,NA,NA,NA,NA,NA,NA,NA,NA,NA,NA,NA,NA,NA,NA,NA,NA,NA,NA,NA,174.65,115.18,72.09,50.68,47.05,38.06,29.67,NA,NA,NA,NA,NA,NA,NA,NA,NA,NA,NA,NA,NA,NA,NA,NA,NA,NA,NA,NA,NA,NA,NA
2016/3/27,36.6171,22016.1,-3.8,518.5,551.9,133.16,7.991,9.4,68.175,76.5788,40.44,-0.456209595,80804.3,-0.037267317,5.8,6.92,862.22,1866.23,129.2,294.47,22970506,0.007410775,7.46,204217,0.364721999,12.1,NA,NA,NA,NA,NA,NA,19807.43,NA,NA,NA,NA,NA,NA,NA,NA,NA,NA,NA,NA,NA,NA,NA,NA,NA,NA,NA,NA,NA,NA,NA,NA,NA,NA,NA,NA,NA,NA,NA,NA,NA,NA,NA,NA,174.65,115.18,72.09,50.68,47.05,38.06,29.67,NA,NA,NA,NA,NA,NA,NA,NA,NA,NA,NA,NA,NA,NA,NA,NA,NA,NA,NA,NA,NA,NA,NA
2016/3/28,36.6171,22016.1,-3.8,518.5,551.9,133.16,7.991,9.4,68.4507,76.613,40.27,-0.456209595,80804.3,-0.037267317,5.8,6.92,851.67,1849.31,129.16,294.47,22970506,0.007410775,7.46,204217,0.364721999,12.1,NA,NA,NA,NA,NA,NA,19807.43,NA,NA,NA,NA,NA,NA,NA,NA,NA,NA,NA,NA,NA,NA,NA,NA,NA,NA,NA,NA,NA,NA,NA,NA,NA,NA,NA,NA,NA,NA,NA,NA,NA,NA,NA,NA,174.65,115.18,72.09,50.68,47.05,38.06,29.67,NA,NA,NA,NA,NA,NA,NA,NA,NA,NA,NA,NA,NA,NA,NA,NA,NA,NA,NA,NA,NA,NA,NA
2016/3/29,36.6171,22016.1,-3.8,518.5,551.9,133.16,7.991,9.4,68.164,76.7837,39.14,-0.456209595,80804.3,-0.037267317,5.8,6.92,843.42,1845.2,128.9,294.36,22970506,0.007410775,7.46,204217,0.364721999,12.1,NA,NA,NA,NA,NA,NA,19807.43,NA,NA,NA,NA,NA,NA,NA,NA,NA,NA,NA,NA,NA,NA,NA,NA,NA,NA,NA,NA,NA,NA,NA,NA,NA,NA,NA,NA,NA,NA,NA,NA,NA,NA,NA,NA,174.65,115.18,72.09,50.68,47.05,38.06,29.67,NA,NA,NA,NA,NA,NA,NA,NA,NA,NA,NA,NA,NA,NA,NA,NA,NA,NA,NA,NA,NA,NA,NA
2016/3/30,36.6171,22016.1,-3.8,518.5,551.9,133.16,7.991,9.4,67.9881,76.9456,39.26,-0.456209595,80804.3,-0.037267317,5.8,6.92,869.86,1868.1,129.37,294.6,22970506,0.007410775,7.46,204217,0.364721999,12.1,NA,NA,NA,NA,NA,NA,19807.43,NA,NA,NA,NA,NA,NA,NA,NA,NA,NA,NA,NA,NA,NA,NA,NA,NA,NA,NA,NA,NA,NA,NA,NA,NA,NA,NA,NA,NA,NA,NA,NA,NA,NA,NA,NA,174.65,115.18,72.09,50.68,47.05,38.06,29.67,NA,NA,NA,NA,NA,NA,NA,NA,NA,NA,NA,NA,NA,NA,NA,NA,NA,NA,NA,NA,NA,NA,NA
2016/3/31,36.6171,22016.1,-3.8,518.5,551.9,133.16,7.991,9.4,67.21,76.4817,39.6,-0.456209595,80804.3,-0.037267317,5.8,6.92,876.2,1871.15,129.42,294.71,22970506,0.007410775,7.46,204217,0.364721999,12.1,NA,NA,NA,NA,NA,NA,19807.43,NA,NA,NA,NA,NA,NA,NA,NA,NA,NA,NA,NA,NA,NA,NA,NA,NA,NA,NA,NA,NA,NA,NA,NA,NA,NA,NA,NA,NA,NA,NA,NA,NA,NA,NA,NA,174.65,115.18,72.09,50.68,47.05,38.06,29.67,NA,NA,NA,NA,NA,NA,NA,NA,NA,NA,NA,NA,NA,NA,NA,NA,NA,NA,NA,NA,NA,NA,NA
2016/4/1,39.9762,18561.3,-1.2,520.9,569.1,133.16,8.721,8,67.6825,77.1023,38.67,-0.476216216,80804.3,-0.037267317,5.94,6.22,861.96,1856.77,129.57,284.63,22518876,-0.0196613,7.67,323136,0.487899215,12.86,NA,NA,NA,NA,NA,NA,19904.31,NA,NA,NA,NA,NA,NA,NA,NA,NA,NA,NA,NA,NA,NA,NA,NA,NA,NA,NA,NA,NA,NA,NA,NA,NA,NA,NA,NA,NA,NA,NA,NA,NA,NA,NA,NA,213.12,104.28,73.85,51.81,47.97,37.39,28.92,NA,NA,NA,NA,NA,NA,NA,NA,NA,NA,NA,NA,NA,NA,NA,NA,NA,NA,NA,NA,NA,NA,NA
2016/4/2,39.9762,18561.3,-1.2,520.9,569.1,133.16,8.721,8,67.6825,77.1023,38.67,-0.476216216,80804.3,-0.037267317,5.94,6.22,861.96,1856.77,129.57,288.06,22518876,-0.0196613,7.67,323136,0.487899215,12.86,NA,NA,NA,NA,NA,NA,19904.31,NA,NA,NA,NA,NA,NA,NA,NA,NA,NA,NA,NA,NA,NA,NA,NA,NA,NA,NA,NA,NA,NA,NA,NA,NA,NA,NA,NA,NA,NA,NA,NA,NA,NA,NA,NA,213.12,104.28,73.85,51.81,47.97,37.39,28.92,NA,NA,NA,NA,NA,NA,NA,NA,NA,NA,NA,NA,NA,NA,NA,NA,NA,NA,NA,NA,NA,NA,NA
2016/4/3,39.9762,18561.3,-1.2,520.9,569.1,133.16,8.721,8,67.6825,77.1023,38.67,-0.476216216,80804.3,-0.037267317,5.94,6.22,861.96,1856.77,129.57,292.26,22518876,-0.0196613,7.67,323136,0.487899215,12.86,NA,NA,NA,NA,NA,NA,19904.31,NA,NA,NA,NA,NA,NA,NA,NA,NA,NA,NA,NA,NA,NA,NA,NA,NA,NA,NA,NA,NA,NA,NA,NA,NA,NA,NA,NA,NA,NA,NA,NA,NA,NA,NA,NA,213.12,104.28,73.85,51.81,47.97,37.39,28.92,NA,NA,NA,NA,NA,NA,NA,NA,NA,NA,NA,NA,NA,NA,NA,NA,NA,NA,NA,NA,NA,NA,NA
2016/4/4,39.9762,18561.3,-1.2,520.9,569.1,133.16,8.721,8,68.3682,77.9055,37.69,-0.476216216,80804.3,-0.037267317,5.94,6.22,861.76,1866.64,129.47,295.55,22518876,-0.0196613,7.67,323136,0.487899215,12.86,NA,NA,NA,NA,NA,NA,19904.31,NA,NA,NA,NA,NA,NA,NA,NA,NA,NA,NA,NA,NA,NA,NA,NA,NA,NA,NA,NA,NA,NA,NA,NA,NA,NA,NA,NA,NA,NA,NA,NA,NA,NA,NA,NA,213.12,104.28,73.85,51.81,47.97,37.39,28.92,NA,NA,NA,NA,NA,NA,NA,NA,NA,NA,NA,NA,NA,NA,NA,NA,NA,NA,NA,NA,NA,NA,NA
2016/4/5,39.9762,18561.3,-1.2,520.9,569.1,133.16,8.721,8,69.4,79.0828,37.87,-0.476216216,80804.3,-0.037267317,5.94,6.22,846.61,1857.09,129.17,299.07,22518876,-0.0196613,7.67,323136,0.487899215,12.86,NA,NA,NA,NA,NA,NA,19904.31,NA,NA,NA,NA,NA,NA,NA,NA,NA,NA,NA,NA,NA,NA,NA,NA,NA,NA,NA,NA,NA,NA,NA,NA,NA,NA,NA,NA,NA,NA,NA,NA,NA,NA,NA,NA,213.12,104.28,73.85,51.81,47.97,37.39,28.92,NA,NA,NA,NA,NA,NA,NA,NA,NA,NA,NA,NA,NA,NA,NA,NA,NA,NA,NA,NA,NA,NA,NA
2016/4/6,39.9762,18561.3,-1.2,520.9,569.1,133.16,8.721,8,67.9715,77.5832,39.84,-0.476216216,80804.3,-0.037267317,5.94,6.22,863.29,1860.17,129.19,299.07,22518876,-0.0196613,7.67,323136,0.487899215,12.86,NA,NA,NA,NA,NA,NA,19904.31,NA,NA,NA,NA,NA,NA,NA,NA,NA,NA,NA,NA,NA,NA,NA,NA,NA,NA,NA,NA,NA,NA,NA,NA,NA,NA,NA,NA,NA,NA,NA,NA,NA,NA,NA,NA,213.12,104.28,73.85,51.81,47.97,37.39,28.92,NA,NA,NA,NA,NA,NA,NA,NA,NA,NA,NA,NA,NA,NA,NA,NA,NA,NA,NA,NA,NA,NA,NA
2016/4/7,39.9762,18561.3,-1.2,520.9,569.1,133.16,8.721,8,68.2233,77.604,39.43,-0.476216216,80804.3,-0.037267317,5.94,6.22,859.24,1858.85,128.85,306.23,22518876,-0.0196613,7.67,323136,0.487899215,12.86,NA,NA,NA,NA,NA,NA,19904.31,NA,NA,NA,NA,NA,NA,NA,NA,NA,NA,NA,NA,NA,NA,NA,NA,NA,NA,NA,NA,NA,NA,NA,NA,NA,NA,NA,NA,NA,NA,NA,NA,NA,NA,NA,NA,213.12,104.28,73.85,51.81,47.97,37.39,28.92,NA,NA,NA,NA,NA,NA,NA,NA,NA,NA,NA,NA,NA,NA,NA,NA,NA,NA,NA,NA,NA,NA,NA
2016/4/8,39.9762,18561.3,-1.2,520.9,569.1,133.16,8.721,8,67.1185,76.5132,41.94,-0.476216216,80804.3,-0.037267317,5.94,6.22,879.07,1877.27,129,307.66,22518876,-0.0196613,7.67,323136,0.487899215,12.86,NA,NA,NA,NA,NA,NA,19904.31,NA,NA,NA,NA,NA,NA,NA,NA,NA,NA,NA,NA,NA,NA,NA,NA,NA,NA,NA,NA,NA,NA,NA,NA,NA,NA,NA,NA,NA,NA,NA,NA,NA,NA,NA,NA,213.12,104.28,73.85,51.81,47.97,37.39,28.92,NA,NA,NA,NA,NA,NA,NA,NA,NA,NA,NA,NA,NA,NA,NA,NA,NA,NA,NA,NA,NA,NA,NA
2016/4/9,39.9762,18561.3,-1.2,520.9,569.1,133.16,8.721,8,67.1185,76.5132,41.94,-0.476216216,80804.3,-0.037267317,5.94,6.22,879.07,1877.27,129,307.66,22518876,-0.0196613,7.67,323136,0.487899215,12.86,NA,NA,NA,NA,NA,NA,19904.31,NA,NA,NA,NA,NA,NA,NA,NA,NA,NA,NA,NA,NA,NA,NA,NA,NA,NA,NA,NA,NA,NA,NA,NA,NA,NA,NA,NA,NA,NA,NA,NA,NA,NA,NA,NA,213.12,104.28,73.85,51.81,47.97,37.39,28.92,NA,NA,NA,NA,NA,NA,NA,NA,NA,NA,NA,NA,NA,NA,NA,NA,NA,NA,NA,NA,NA,NA,NA
2016/4/10,39.9762,18561.3,-1.2,520.9,569.1,133.16,8.721,8,67.1185,76.5132,41.94,-0.476216216,80804.3,-0.037267317,5.94,6.22,879.07,1877.27,129,314.25,22518876,-0.0196613,7.67,323136,0.487899215,12.86,NA,NA,NA,NA,NA,NA,19904.31,NA,NA,NA,NA,NA,NA,NA,NA,NA,NA,NA,NA,NA,NA,NA,NA,NA,NA,NA,NA,NA,NA,NA,NA,NA,NA,NA,NA,NA,NA,NA,NA,NA,NA,NA,NA,213.12,104.28,73.85,51.81,47.97,37.39,28.92,NA,NA,NA,NA,NA,NA,NA,NA,NA,NA,NA,NA,NA,NA,NA,NA,NA,NA,NA,NA,NA,NA,NA
2016/4/11,39.9762,18561.3,-1.2,520.9,569.1,133.16,8.721,8,66.6774,76.102,42.83,-0.476216216,80804.3,-0.037267317,5.94,6.22,900.98,1906.9,129.16,314.25,22518876,-0.0196613,7.67,323136,0.487899215,12.86,NA,NA,NA,NA,NA,NA,19904.31,NA,NA,NA,NA,NA,NA,NA,NA,NA,NA,NA,NA,NA,NA,NA,NA,NA,NA,NA,NA,NA,NA,NA,NA,NA,NA,NA,NA,NA,NA,NA,NA,NA,NA,NA,NA,213.12,104.28,73.85,51.81,47.97,37.39,28.92,NA,NA,NA,NA,NA,NA,NA,NA,NA,NA,NA,NA,NA,NA,NA,NA,NA,NA,NA,NA,NA,NA,NA
2016/4/12,39.9762,18561.3,-1.2,520.9,569.1,133.16,8.721,8,65.3337,74.3212,44.69,-0.476216216,80804.3,-0.037267317,5.94,6.22,911.07,1899.26,129.28,314.25,22518876,-0.0196613,7.67,323136,0.487899215,12.86,NA,NA,NA,NA,NA,NA,19904.31,NA,NA,NA,NA,NA,NA,NA,NA,NA,NA,NA,NA,NA,NA,NA,NA,NA,NA,NA,NA,NA,NA,NA,NA,NA,NA,NA,NA,NA,NA,NA,NA,NA,NA,NA,NA,213.12,104.28,73.85,51.81,47.97,37.39,28.92,NA,NA,NA,NA,NA,NA,NA,NA,NA,NA,NA,NA,NA,NA,NA,NA,NA,NA,NA,NA,NA,NA,NA
2016/4/13,39.9762,18561.3,-1.2,520.9,569.1,133.16,8.721,8,66.1617,74.6766,44.18,-0.476216216,80804.3,-0.037267317,5.94,6.22,922.5,1932.8,129.28,296.6,22518876,-0.0196613,7.67,323136,0.487899215,12.86,NA,NA,NA,NA,NA,NA,19904.31,NA,NA,NA,NA,NA,NA,NA,NA,NA,NA,NA,NA,NA,NA,NA,NA,NA,NA,NA,NA,NA,NA,NA,NA,NA,NA,NA,NA,NA,NA,NA,NA,NA,NA,NA,NA,213.12,104.28,73.85,51.81,47.97,37.39,28.92,NA,NA,NA,NA,NA,NA,NA,NA,NA,NA,NA,NA,NA,NA,NA,NA,NA,NA,NA,NA,NA,NA,NA
2016/4/14,39.9762,18561.3,-1.2,520.9,569.1,133.16,8.721,8,65.9736,74.2942,43.84,-0.476216216,80804.3,-0.037267317,5.94,6.22,914.34,1915.85,129.18,296.6,22518876,-0.0196613,7.67,323136,0.487899215,12.86,NA,NA,NA,NA,NA,NA,19904.31,NA,NA,NA,NA,NA,NA,NA,NA,NA,NA,NA,NA,NA,NA,NA,NA,NA,NA,NA,NA,NA,NA,NA,NA,NA,NA,NA,NA,NA,NA,NA,NA,NA,NA,NA,NA,213.12,104.28,73.85,51.81,47.97,37.39,28.92,NA,NA,NA,NA,NA,NA,NA,NA,NA,NA,NA,NA,NA,NA,NA,NA,NA,NA,NA,NA,NA,NA,NA
2016/4/15,39.9762,18561.3,-1.2,520.9,569.1,133.16,8.721,8,66.4877,75.0987,43.1,-0.476216216,80804.3,-0.037267317,5.94,6.22,905.1,1907.78,129.22,296.85,22518876,-0.0196613,7.67,323136,0.487899215,12.86,NA,NA,NA,NA,NA,NA,19904.31,NA,NA,NA,NA,NA,NA,NA,NA,NA,NA,NA,NA,NA,NA,NA,NA,NA,NA,NA,NA,NA,NA,NA,NA,NA,NA,NA,NA,NA,NA,NA,NA,NA,NA,NA,NA,213.12,104.28,73.85,51.81,47.97,37.39,28.92,NA,NA,NA,NA,NA,NA,NA,NA,NA,NA,NA,NA,NA,NA,NA,NA,NA,NA,NA,NA,NA,NA,NA
2016/4/16,39.9762,18561.3,-1.2,520.9,569.1,133.16,8.721,8,66.4877,75.0987,43.1,-0.476216216,80804.3,-0.037267317,5.94,6.22,905.1,1907.78,129.22,296.85,22518876,-0.0196613,7.67,323136,0.487899215,12.86,NA,NA,NA,NA,NA,NA,19904.31,NA,NA,NA,NA,NA,NA,NA,NA,NA,NA,NA,NA,NA,NA,NA,NA,NA,NA,NA,NA,NA,NA,NA,NA,NA,NA,NA,NA,NA,NA,NA,NA,NA,NA,NA,NA,213.12,104.28,73.85,51.81,47.97,37.39,28.92,NA,NA,NA,NA,NA,NA,NA,NA,NA,NA,NA,NA,NA,NA,NA,NA,NA,NA,NA,NA,NA,NA,NA
2016/4/17,39.9762,18561.3,-1.2,520.9,569.1,133.16,8.721,8,66.4877,75.0987,43.1,-0.476216216,80804.3,-0.037267317,5.94,6.22,905.1,1907.78,129.22,296.85,22518876,-0.0196613,7.67,323136,0.487899215,12.86,NA,NA,NA,NA,NA,NA,19904.31,NA,NA,NA,NA,NA,NA,NA,NA,NA,NA,NA,NA,NA,NA,NA,NA,NA,NA,NA,NA,NA,NA,NA,NA,NA,NA,NA,NA,NA,NA,NA,NA,NA,NA,NA,NA,213.12,104.28,73.85,51.81,47.97,37.39,28.92,NA,NA,NA,NA,NA,NA,NA,NA,NA,NA,NA,NA,NA,NA,NA,NA,NA,NA,NA,NA,NA,NA,NA
2016/4/18,39.9762,18561.3,-1.2,520.9,569.1,133.16,8.721,8,66.2114,74.979,42.91,-0.476216216,80804.3,-0.037267317,5.94,6.22,899.58,1892.64,129.01,297,22518876,-0.0196613,7.67,323136,0.487899215,12.86,NA,NA,NA,NA,NA,NA,19904.31,NA,NA,NA,NA,NA,NA,NA,NA,NA,NA,NA,NA,NA,NA,NA,NA,NA,NA,NA,NA,NA,NA,NA,NA,NA,NA,NA,NA,NA,NA,NA,NA,NA,NA,NA,NA,213.12,104.28,73.85,51.81,47.97,37.39,28.92,NA,NA,NA,NA,NA,NA,NA,NA,NA,NA,NA,NA,NA,NA,NA,NA,NA,NA,NA,NA,NA,NA,NA
2016/4/19,39.9762,18561.3,-1.2,520.9,569.1,133.16,8.721,8,66.1313,75.2331,44.03,-0.476216216,80804.3,-0.037267317,5.94,6.22,926.64,1930.14,129.47,297,22518876,-0.0196613,7.67,323136,0.487899215,12.86,NA,NA,NA,NA,NA,NA,19904.31,NA,NA,NA,NA,NA,NA,NA,NA,NA,NA,NA,NA,NA,NA,NA,NA,NA,NA,NA,NA,NA,NA,NA,NA,NA,NA,NA,NA,NA,NA,NA,NA,NA,NA,NA,NA,213.12,104.28,73.85,51.81,47.97,37.39,28.92,NA,NA,NA,NA,NA,NA,NA,NA,NA,NA,NA,NA,NA,NA,NA,NA,NA,NA,NA,NA,NA,NA,NA
2016/4/20,39.9762,18561.3,-1.2,520.9,569.1,133.16,8.721,8,65.425,74.1108,45.8,-0.476216216,80804.3,-0.037267317,5.94,6.22,943.16,1960.18,129.67,297.4,22518876,-0.0196613,7.67,323136,0.487899215,12.86,NA,NA,NA,NA,NA,NA,19904.31,NA,NA,NA,NA,NA,NA,NA,NA,NA,NA,NA,NA,NA,NA,NA,NA,NA,NA,NA,NA,NA,NA,NA,NA,NA,NA,NA,NA,NA,NA,NA,NA,NA,NA,NA,NA,213.12,104.28,73.85,51.81,47.97,37.39,28.92,NA,NA,NA,NA,NA,NA,NA,NA,NA,NA,NA,NA,NA,NA,NA,NA,NA,NA,NA,NA,NA,NA,NA
2016/4/21,39.9762,18561.3,-1.2,520.9,569.1,133.16,8.721,8,66.166,74.7599,44.53,-0.476216216,80804.3,-0.037267317,5.94,6.22,927.23,1950.08,129.67,298.16,22518876,-0.0196613,7.67,323136,0.487899215,12.86,NA,NA,NA,NA,NA,NA,19904.31,NA,NA,NA,NA,NA,NA,NA,NA,NA,NA,NA,NA,NA,NA,NA,NA,NA,NA,NA,NA,NA,NA,NA,NA,NA,NA,NA,NA,NA,NA,NA,NA,NA,NA,NA,NA,213.12,104.28,73.85,51.81,47.97,37.39,28.92,NA,NA,NA,NA,NA,NA,NA,NA,NA,NA,NA,NA,NA,NA,NA,NA,NA,NA,NA,NA,NA,NA,NA
2016/4/22,39.9762,18561.3,-1.2,520.9,569.1,133.16,8.721,8,66.5325,74.4527,45.11,-0.476216216,80804.3,-0.037267317,5.94,6.22,931.46,1967.26,129.47,297.85,22518876,-0.0196613,7.67,323136,0.487899215,12.86,NA,NA,NA,NA,NA,NA,19904.31,NA,NA,NA,NA,NA,NA,NA,NA,NA,NA,NA,NA,NA,NA,NA,NA,NA,NA,NA,NA,NA,NA,NA,NA,NA,NA,NA,NA,NA,NA,NA,NA,NA,NA,NA,NA,213.12,104.28,73.85,51.81,47.97,37.39,28.92,NA,NA,NA,NA,NA,NA,NA,NA,NA,NA,NA,NA,NA,NA,NA,NA,NA,NA,NA,NA,NA,NA,NA
2016/4/23,39.9762,18561.3,-1.2,520.9,569.1,133.16,8.721,8,66.5325,74.4527,45.11,-0.476216216,80804.3,-0.037267317,5.94,6.22,931.46,1967.26,129.47,297.85,22518876,-0.0196613,7.67,323136,0.487899215,12.86,NA,NA,NA,NA,NA,NA,19904.31,NA,NA,NA,NA,NA,NA,NA,NA,NA,NA,NA,NA,NA,NA,NA,NA,NA,NA,NA,NA,NA,NA,NA,NA,NA,NA,NA,NA,NA,NA,NA,NA,NA,NA,NA,NA,213.12,104.28,73.85,51.81,47.97,37.39,28.92,NA,NA,NA,NA,NA,NA,NA,NA,NA,NA,NA,NA,NA,NA,NA,NA,NA,NA,NA,NA,NA,NA,NA
2016/4/24,39.9762,18561.3,-1.2,520.9,569.1,133.16,8.721,8,66.5325,74.4527,45.11,-0.476216216,80804.3,-0.037267317,5.94,6.22,931.46,1967.26,129.47,297.85,22518876,-0.0196613,7.67,323136,0.487899215,12.86,NA,NA,NA,NA,NA,NA,19904.31,NA,NA,NA,NA,NA,NA,NA,NA,NA,NA,NA,NA,NA,NA,NA,NA,NA,NA,NA,NA,NA,NA,NA,NA,NA,NA,NA,NA,NA,NA,NA,NA,NA,NA,NA,NA,213.12,104.28,73.85,51.81,47.97,37.39,28.92,NA,NA,NA,NA,NA,NA,NA,NA,NA,NA,NA,NA,NA,NA,NA,NA,NA,NA,NA,NA,NA,NA,NA
2016/4/25,39.9762,18561.3,-1.2,520.9,569.1,133.16,8.721,8,66.373,74.7757,44.48,-0.476216216,80804.3,-0.037267317,5.94,6.22,927.66,1955.47,129.29,297.3,22518876,-0.0196613,7.67,323136,0.487899215,12.86,NA,NA,NA,NA,NA,NA,19904.31,NA,NA,NA,NA,NA,NA,NA,NA,NA,NA,NA,NA,NA,NA,NA,NA,NA,NA,NA,NA,NA,NA,NA,NA,NA,NA,NA,NA,NA,NA,NA,NA,NA,NA,NA,NA,213.12,104.28,73.85,51.81,47.97,37.39,28.92,NA,NA,NA,NA,NA,NA,NA,NA,NA,NA,NA,NA,NA,NA,NA,NA,NA,NA,NA,NA,NA,NA,NA
2016/4/26,39.9762,18561.3,-1.2,520.9,569.1,133.16,8.721,8,65.854,74.3775,45.74,-0.476216216,80804.3,-0.037267317,5.94,6.22,931.19,1946.55,129.28,297.96,22518876,-0.0196613,7.67,323136,0.487899215,12.86,NA,NA,NA,NA,NA,NA,19904.31,NA,NA,NA,NA,NA,NA,NA,NA,NA,NA,NA,NA,NA,NA,NA,NA,NA,NA,NA,NA,NA,NA,NA,NA,NA,NA,NA,NA,NA,NA,NA,NA,NA,NA,NA,NA,213.12,104.28,73.85,51.81,47.97,37.39,28.92,NA,NA,NA,NA,NA,NA,NA,NA,NA,NA,NA,NA,NA,NA,NA,NA,NA,NA,NA,NA,NA,NA,NA
2016/4/27,39.9762,18561.3,-1.2,520.9,569.1,133.16,8.721,8,65.4003,74.0571,47.18,-0.476216216,80804.3,-0.037267317,5.94,6.22,927.09,1934.77,129.42,298,22518876,-0.0196613,7.67,323136,0.487899215,12.86,NA,NA,NA,NA,NA,NA,19904.31,NA,NA,NA,NA,NA,NA,NA,NA,NA,NA,NA,NA,NA,NA,NA,NA,NA,NA,NA,NA,NA,NA,NA,NA,NA,NA,NA,NA,NA,NA,NA,NA,NA,NA,NA,NA,213.12,104.28,73.85,51.81,47.97,37.39,28.92,NA,NA,NA,NA,NA,NA,NA,NA,NA,NA,NA,NA,NA,NA,NA,NA,NA,NA,NA,NA,NA,NA,NA
2016/4/28,39.9762,18561.3,-1.2,520.9,569.1,133.16,8.721,8,64.4217,73.0308,48.14,-0.476216216,80804.3,-0.037267317,5.94,6.22,964.41,1969.89,129.79,298.19,22518876,-0.0196613,7.67,323136,0.487899215,12.86,NA,NA,NA,NA,NA,NA,19904.31,NA,NA,NA,NA,NA,NA,NA,NA,NA,NA,NA,NA,NA,NA,NA,NA,NA,NA,NA,NA,NA,NA,NA,NA,NA,NA,NA,NA,NA,NA,NA,NA,NA,NA,NA,NA,213.12,104.28,73.85,51.81,47.97,37.39,28.92,NA,NA,NA,NA,NA,NA,NA,NA,NA,NA,NA,NA,NA,NA,NA,NA,NA,NA,NA,NA,NA,NA,NA
2016/4/29,39.9762,18561.3,-1.2,520.9,569.1,133.16,8.721,8,64.7671,74.1591,48.13,-0.476216216,80804.3,-0.037267317,5.94,6.22,951.11,1953.05,130.41,298.72,22518876,-0.0196613,7.67,323136,0.487899215,12.86,NA,NA,NA,NA,NA,NA,19904.31,NA,NA,NA,NA,NA,NA,NA,NA,NA,NA,NA,NA,NA,NA,NA,NA,NA,NA,NA,NA,NA,NA,NA,NA,NA,NA,NA,NA,NA,NA,NA,NA,NA,NA,NA,NA,213.12,104.28,73.85,51.81,47.97,37.39,28.92,NA,NA,NA,NA,NA,NA,NA,NA,NA,NA,NA,NA,NA,NA,NA,NA,NA,NA,NA,NA,NA,NA,NA
2016/4/30,39.9762,18561.3,-1.2,520.9,569.1,133.16,8.721,8,64.7671,74.1591,48.13,-0.476216216,80804.3,-0.037267317,5.94,6.22,951.11,1953.05,130.41,298.72,22518876,-0.0196613,7.67,323136,0.487899215,12.86,NA,NA,NA,NA,NA,NA,19904.31,NA,NA,NA,NA,NA,NA,NA,NA,NA,NA,NA,NA,NA,NA,NA,NA,NA,NA,NA,NA,NA,NA,NA,NA,NA,NA,NA,NA,NA,NA,NA,NA,NA,NA,NA,NA,213.12,104.28,73.85,51.81,47.97,37.39,28.92,NA,NA,NA,NA,NA,NA,NA,NA,NA,NA,NA,NA,NA,NA,NA,NA,NA,NA,NA,NA,NA,NA,NA
2016/5/1,45.0185,18561.3,-1.2,523.2,584,133.16,7.439,8,64.7671,74.1591,48.13,-0.523202154,80804.3,-0.037267317,5.94,6.22,951.11,1953.05,130.41,285.06,22673775,0.006878629,7.04,446114,0.497745562,12.94,NA,NA,NA,NA,NA,NA,20031.98,NA,NA,NA,NA,NA,NA,NA,NA,NA,NA,NA,NA,NA,NA,NA,NA,NA,NA,NA,NA,NA,NA,NA,NA,NA,NA,NA,NA,NA,NA,NA,NA,NA,NA,NA,NA,205.89,99.88,73.46,50.11,47.57,36.96,29.16,NA,NA,NA,NA,NA,NA,NA,NA,NA,NA,NA,NA,NA,NA,NA,NA,NA,NA,NA,NA,NA,NA,NA
2016/5/2,45.0185,18561.3,-1.2,523.2,584,133.16,7.439,8,65.1874,75.1237,45.83,-0.523202154,80804.3,-0.037267317,5.94,6.22,951.11,1953.05,130.41,289.59,22673775,0.006878629,7.04,446114,0.497745562,12.94,NA,NA,NA,NA,NA,NA,20031.98,NA,NA,NA,NA,NA,NA,NA,NA,NA,NA,NA,NA,NA,NA,NA,NA,NA,NA,NA,NA,NA,NA,NA,NA,NA,NA,NA,NA,NA,NA,NA,NA,NA,NA,NA,NA,205.89,99.88,73.46,50.11,47.57,36.96,29.16,NA,NA,NA,NA,NA,NA,NA,NA,NA,NA,NA,NA,NA,NA,NA,NA,NA,NA,NA,NA,NA,NA,NA
2016/5/3,45.0185,18561.3,-1.2,523.2,584,133.16,7.439,8,66.6133,76.8204,44.97,-0.523202154,80804.3,-0.037267317,5.94,6.22,951.11,1953.05,130.41,289.59,22673775,0.006878629,7.04,446114,0.497745562,12.94,NA,NA,NA,NA,NA,NA,20031.98,NA,NA,NA,NA,NA,NA,NA,NA,NA,NA,NA,NA,NA,NA,NA,NA,NA,NA,NA,NA,NA,NA,NA,NA,NA,NA,NA,NA,NA,NA,NA,NA,NA,NA,NA,NA,205.89,99.88,73.46,50.11,47.57,36.96,29.16,NA,NA,NA,NA,NA,NA,NA,NA,NA,NA,NA,NA,NA,NA,NA,NA,NA,NA,NA,NA,NA,NA,NA
2016/5/4,45.0185,18561.3,-1.2,523.2,584,133.16,7.439,8,66.6506,76.6305,44.62,-0.523202154,80804.3,-0.037267317,5.94,6.22,912.58,1925.58,130.2,295.65,22673775,0.006878629,7.04,446114,0.497745562,12.94,NA,NA,NA,NA,NA,NA,20031.98,NA,NA,NA,NA,NA,NA,NA,NA,NA,NA,NA,NA,NA,NA,NA,NA,NA,NA,NA,NA,NA,NA,NA,NA,NA,NA,NA,NA,NA,NA,NA,NA,NA,NA,NA,NA,205.89,99.88,73.46,50.11,47.57,36.96,29.16,NA,NA,NA,NA,NA,NA,NA,NA,NA,NA,NA,NA,NA,NA,NA,NA,NA,NA,NA,NA,NA,NA,NA
2016/5/5,45.0185,18561.3,-1.2,523.2,584,133.16,7.439,8,65.7022,74.9686,45.01,-0.523202154,80804.3,-0.037267317,5.94,6.22,916.53,1906.48,130.28,298.76,22673775,0.006878629,7.04,446114,0.497745562,12.94,NA,NA,NA,NA,NA,NA,20031.98,NA,NA,NA,NA,NA,NA,NA,NA,NA,NA,NA,NA,NA,NA,NA,NA,NA,NA,NA,NA,NA,NA,NA,NA,NA,NA,NA,NA,NA,NA,NA,NA,NA,NA,NA,NA,205.89,99.88,73.46,50.11,47.57,36.96,29.16,NA,NA,NA,NA,NA,NA,NA,NA,NA,NA,NA,NA,NA,NA,NA,NA,NA,NA,NA,NA,NA,NA,NA
2016/5/6,45.0185,18561.3,-1.2,523.2,584,133.16,7.439,8,66.1679,74.8176,45.37,-0.523202154,80804.3,-0.037267317,5.94,6.22,912.02,1901.56,130.29,298.76,22673775,0.006878629,7.04,446114,0.497745562,12.94,NA,NA,NA,NA,NA,NA,20031.98,NA,NA,NA,NA,NA,NA,NA,NA,NA,NA,NA,NA,NA,NA,NA,NA,NA,NA,NA,NA,NA,NA,NA,NA,NA,NA,NA,NA,NA,NA,NA,NA,NA,NA,NA,NA,205.89,99.88,73.46,50.11,47.57,36.96,29.16,NA,NA,NA,NA,NA,NA,NA,NA,NA,NA,NA,NA,NA,NA,NA,NA,NA,NA,NA,NA,NA,NA,NA
2016/5/7,45.0185,18561.3,-1.2,523.2,584,133.16,7.439,8,66.1679,74.8176,45.37,-0.523202154,80804.3,-0.037267317,5.94,6.22,912.02,1901.56,130.29,306.47,22673775,0.006878629,7.04,446114,0.497745562,12.94,NA,NA,NA,NA,NA,NA,20031.98,NA,NA,NA,NA,NA,NA,NA,NA,NA,NA,NA,NA,NA,NA,NA,NA,NA,NA,NA,NA,NA,NA,NA,NA,NA,NA,NA,NA,NA,NA,NA,NA,NA,NA,NA,NA,205.89,99.88,73.46,50.11,47.57,36.96,29.16,NA,NA,NA,NA,NA,NA,NA,NA,NA,NA,NA,NA,NA,NA,NA,NA,NA,NA,NA,NA,NA,NA,NA
2016/5/8,45.0185,18561.3,-1.2,523.2,584,133.16,7.439,8,66.1679,74.8176,45.37,-0.523202154,80804.3,-0.037267317,5.94,6.22,912.02,1901.56,130.29,307.85,22673775,0.006878629,7.04,446114,0.497745562,12.94,NA,NA,NA,NA,NA,NA,20031.98,NA,NA,NA,NA,NA,NA,NA,NA,NA,NA,NA,NA,NA,NA,NA,NA,NA,NA,NA,NA,NA,NA,NA,NA,NA,NA,NA,NA,NA,NA,NA,NA,NA,NA,NA,NA,205.89,99.88,73.46,50.11,47.57,36.96,29.16,NA,NA,NA,NA,NA,NA,NA,NA,NA,NA,NA,NA,NA,NA,NA,NA,NA,NA,NA,NA,NA,NA,NA
2016/5/9,45.0185,18561.3,-1.2,523.2,584,133.16,7.439,8,66.5174,75.7847,43.63,-0.523202154,80804.3,-0.037267317,5.94,6.22,912.02,1901.56,130.29,311.13,22673775,0.006878629,7.04,446114,0.497745562,12.94,NA,NA,NA,NA,NA,NA,20031.98,NA,NA,NA,NA,NA,NA,NA,NA,NA,NA,NA,NA,NA,NA,NA,NA,NA,NA,NA,NA,NA,NA,NA,NA,NA,NA,NA,NA,NA,NA,NA,NA,NA,NA,NA,NA,205.89,99.88,73.46,50.11,47.57,36.96,29.16,NA,NA,NA,NA,NA,NA,NA,NA,NA,NA,NA,NA,NA,NA,NA,NA,NA,NA,NA,NA,NA,NA,NA
2016/5/10,45.0185,18561.3,-1.2,523.2,584,133.16,7.439,8,66.2716,75.429,45.52,-0.523202154,80804.3,-0.037267317,5.94,6.22,897.11,1885.34,130.21,314.04,22673775,0.006878629,7.04,446114,0.497745562,12.94,NA,NA,NA,NA,NA,NA,20031.98,NA,NA,NA,NA,NA,NA,NA,NA,NA,NA,NA,NA,NA,NA,NA,NA,NA,NA,NA,NA,NA,NA,NA,NA,NA,NA,NA,NA,NA,NA,NA,NA,NA,NA,NA,NA,205.89,99.88,73.46,50.11,47.57,36.96,29.16,NA,NA,NA,NA,NA,NA,NA,NA,NA,NA,NA,NA,NA,NA,NA,NA,NA,NA,NA,NA,NA,NA,NA
2016/5/11,45.0185,18561.3,-1.2,523.2,584,133.16,7.439,8,65.1569,74.4904,47.6,-0.523202154,80804.3,-0.037267317,5.94,6.22,927,1909.05,130.63,314.04,22673775,0.006878629,7.04,446114,0.497745562,12.94,NA,NA,NA,NA,NA,NA,20031.98,NA,NA,NA,NA,NA,NA,NA,NA,NA,NA,NA,NA,NA,NA,NA,NA,NA,NA,NA,NA,NA,NA,NA,NA,NA,NA,NA,NA,NA,NA,NA,NA,NA,NA,NA,NA,205.89,99.88,73.46,50.11,47.57,36.96,29.16,NA,NA,NA,NA,NA,NA,NA,NA,NA,NA,NA,NA,NA,NA,NA,NA,NA,NA,NA,NA,NA,NA,NA
2016/5/12,45.0185,18561.3,-1.2,523.2,584,133.16,7.439,8,65.0555,74.0678,48.08,-0.523202154,80804.3,-0.037267317,5.94,6.22,915.95,1901.9,130.92,314.04,22673775,0.006878629,7.04,446114,0.497745562,12.94,NA,NA,NA,NA,NA,NA,20031.98,NA,NA,NA,NA,NA,NA,NA,NA,NA,NA,NA,NA,NA,NA,NA,NA,NA,NA,NA,NA,NA,NA,NA,NA,NA,NA,NA,NA,NA,NA,NA,NA,NA,NA,NA,NA,205.89,99.88,73.46,50.11,47.57,36.96,29.16,NA,NA,NA,NA,NA,NA,NA,NA,NA,NA,NA,NA,NA,NA,NA,NA,NA,NA,NA,NA,NA,NA,NA
2016/5/13,45.0185,18561.3,-1.2,523.2,584,133.16,7.439,8,65.4525,74.022,47.83,-0.523202154,80804.3,-0.037267317,5.94,6.22,921.88,1907.19,130.95,299.86,22673775,0.006878629,7.04,446114,0.497745562,12.94,NA,NA,NA,NA,NA,NA,20031.98,NA,NA,NA,NA,NA,NA,NA,NA,NA,NA,NA,NA,NA,NA,NA,NA,NA,NA,NA,NA,NA,NA,NA,NA,NA,NA,NA,NA,NA,NA,NA,NA,NA,NA,NA,NA,205.89,99.88,73.46,50.11,47.57,36.96,29.16,NA,NA,NA,NA,NA,NA,NA,NA,NA,NA,NA,NA,NA,NA,NA,NA,NA,NA,NA,NA,NA,NA,NA
2016/5/14,45.0185,18561.3,-1.2,523.2,584,133.16,7.439,8,65.4525,74.022,47.83,-0.523202154,80804.3,-0.037267317,5.94,6.22,921.88,1907.19,130.95,299.86,22673775,0.006878629,7.04,446114,0.497745562,12.94,NA,NA,NA,NA,NA,NA,20031.98,NA,NA,NA,NA,NA,NA,NA,NA,NA,NA,NA,NA,NA,NA,NA,NA,NA,NA,NA,NA,NA,NA,NA,NA,NA,NA,NA,NA,NA,NA,NA,NA,NA,NA,NA,NA,205.89,99.88,73.46,50.11,47.57,36.96,29.16,NA,NA,NA,NA,NA,NA,NA,NA,NA,NA,NA,NA,NA,NA,NA,NA,NA,NA,NA,NA,NA,NA,NA
2016/5/15,45.0185,18561.3,-1.2,523.2,584,133.16,7.439,8,65.4525,74.022,47.83,-0.523202154,80804.3,-0.037267317,5.94,6.22,921.88,1907.19,130.95,299.86,22673775,0.006878629,7.04,446114,0.497745562,12.94,NA,NA,NA,NA,NA,NA,20031.98,NA,NA,NA,NA,NA,NA,NA,NA,NA,NA,NA,NA,NA,NA,NA,NA,NA,NA,NA,NA,NA,NA,NA,NA,NA,NA,NA,NA,NA,NA,NA,NA,NA,NA,NA,NA,205.89,99.88,73.46,50.11,47.57,36.96,29.16,NA,NA,NA,NA,NA,NA,NA,NA,NA,NA,NA,NA,NA,NA,NA,NA,NA,NA,NA,NA,NA,NA,NA
2016/5/16,45.0185,18561.3,-1.2,523.2,584,133.16,7.439,8,64.7852,73.3895,48.97,-0.523202154,80804.3,-0.037267317,5.94,6.22,929.12,1915.33,131.13,300.47,22673775,0.006878629,7.04,446114,0.497745562,12.94,NA,NA,NA,NA,NA,NA,20031.98,NA,NA,NA,NA,NA,NA,NA,NA,NA,NA,NA,NA,NA,NA,NA,NA,NA,NA,NA,NA,NA,NA,NA,NA,NA,NA,NA,NA,NA,NA,NA,NA,NA,NA,NA,NA,205.89,99.88,73.46,50.11,47.57,36.96,29.16,NA,NA,NA,NA,NA,NA,NA,NA,NA,NA,NA,NA,NA,NA,NA,NA,NA,NA,NA,NA,NA,NA,NA
2016/5/17,45.0185,18561.3,-1.2,523.2,584,133.16,7.439,8,64.8665,73.5029,49.28,-0.523202154,80804.3,-0.037267317,5.94,6.22,931.73,1909,131.01,299.67,22673775,0.006878629,7.04,446114,0.497745562,12.94,NA,NA,NA,NA,NA,NA,20031.98,NA,NA,NA,NA,NA,NA,NA,NA,NA,NA,NA,NA,NA,NA,NA,NA,NA,NA,NA,NA,NA,NA,NA,NA,NA,NA,NA,NA,NA,NA,NA,NA,NA,NA,NA,NA,205.89,99.88,73.46,50.11,47.57,36.96,29.16,NA,NA,NA,NA,NA,NA,NA,NA,NA,NA,NA,NA,NA,NA,NA,NA,NA,NA,NA,NA,NA,NA,NA
2016/5/18,45.0185,18561.3,-1.2,523.2,584,133.16,7.439,8,65.2095,73.5583,48.93,-0.523202154,80804.3,-0.037267317,5.94,6.22,926.82,1917.24,130.83,300.18,22673775,0.006878629,7.04,446114,0.497745562,12.94,NA,NA,NA,NA,NA,NA,20031.98,NA,NA,NA,NA,NA,NA,NA,NA,NA,NA,NA,NA,NA,NA,NA,NA,NA,NA,NA,NA,NA,NA,NA,NA,NA,NA,NA,NA,NA,NA,NA,NA,NA,NA,NA,NA,205.89,99.88,73.46,50.11,47.57,36.96,29.16,NA,NA,NA,NA,NA,NA,NA,NA,NA,NA,NA,NA,NA,NA,NA,NA,NA,NA,NA,NA,NA,NA,NA
2016/5/19,45.0185,18561.3,-1.2,523.2,584,133.16,7.439,8,67.0127,75.101,48.81,-0.523202154,80804.3,-0.037267317,5.94,6.22,885.42,1891.52,129.98,300.3,22673775,0.006878629,7.04,446114,0.497745562,12.94,NA,NA,NA,NA,NA,NA,20031.98,NA,NA,NA,NA,NA,NA,NA,NA,NA,NA,NA,NA,NA,NA,NA,NA,NA,NA,NA,NA,NA,NA,NA,NA,NA,NA,NA,NA,NA,NA,NA,NA,NA,NA,NA,NA,205.89,99.88,73.46,50.11,47.57,36.96,29.16,NA,NA,NA,NA,NA,NA,NA,NA,NA,NA,NA,NA,NA,NA,NA,NA,NA,NA,NA,NA,NA,NA,NA
2016/5/20,45.0185,18561.3,-1.2,523.2,584,133.16,7.439,8,66.8371,74.9876,48.72,-0.523202154,80804.3,-0.037267317,5.94,6.22,893.09,1891.33,130.61,300.4,22673775,0.006878629,7.04,446114,0.497745562,12.94,NA,NA,NA,NA,NA,NA,20031.98,NA,NA,NA,NA,NA,NA,NA,NA,NA,NA,NA,NA,NA,NA,NA,NA,NA,NA,NA,NA,NA,NA,NA,NA,NA,NA,NA,NA,NA,NA,NA,NA,NA,NA,NA,NA,205.89,99.88,73.46,50.11,47.57,36.96,29.16,NA,NA,NA,NA,NA,NA,NA,NA,NA,NA,NA,NA,NA,NA,NA,NA,NA,NA,NA,NA,NA,NA,NA
2016/5/21,45.0185,18561.3,-1.2,523.2,584,133.16,7.439,8,66.8371,74.9876,48.72,-0.523202154,80804.3,-0.037267317,5.94,6.22,893.09,1891.33,130.61,300.4,22673775,0.006878629,7.04,446114,0.497745562,12.94,NA,NA,NA,NA,NA,NA,20031.98,NA,NA,NA,NA,NA,NA,NA,NA,NA,NA,NA,NA,NA,NA,NA,NA,NA,NA,NA,NA,NA,NA,NA,NA,NA,NA,NA,NA,NA,NA,NA,NA,NA,NA,NA,NA,205.89,99.88,73.46,50.11,47.57,36.96,29.16,NA,NA,NA,NA,NA,NA,NA,NA,NA,NA,NA,NA,NA,NA,NA,NA,NA,NA,NA,NA,NA,NA,NA
2016/5/22,45.0185,18561.3,-1.2,523.2,584,133.16,7.439,8,66.8371,74.9876,48.72,-0.523202154,80804.3,-0.037267317,5.94,6.22,893.09,1891.33,130.61,300.4,22673775,0.006878629,7.04,446114,0.497745562,12.94,NA,NA,NA,NA,NA,NA,20031.98,NA,NA,NA,NA,NA,NA,NA,NA,NA,NA,NA,NA,NA,NA,NA,NA,NA,NA,NA,NA,NA,NA,NA,NA,NA,NA,NA,NA,NA,NA,NA,NA,NA,NA,NA,NA,205.89,99.88,73.46,50.11,47.57,36.96,29.16,NA,NA,NA,NA,NA,NA,NA,NA,NA,NA,NA,NA,NA,NA,NA,NA,NA,NA,NA,NA,NA,NA,NA
2016/5/23,45.0185,18561.3,-1.2,523.2,584,133.16,7.439,8,66.8601,74.9447,48.35,-0.523202154,80804.3,-0.037267317,5.94,6.22,879.55,1868.43,130.52,300.32,22673775,0.006878629,7.04,446114,0.497745562,12.94,NA,NA,NA,NA,NA,NA,20031.98,NA,NA,NA,NA,NA,NA,NA,NA,NA,NA,NA,NA,NA,NA,NA,NA,NA,NA,NA,NA,NA,NA,NA,NA,NA,NA,NA,NA,NA,NA,NA,NA,NA,NA,NA,NA,205.89,99.88,73.46,50.11,47.57,36.96,29.16,NA,NA,NA,NA,NA,NA,NA,NA,NA,NA,NA,NA,NA,NA,NA,NA,NA,NA,NA,NA,NA,NA,NA
2016/5/24,45.0185,18561.3,-1.2,523.2,584,133.16,7.439,8,66.5624,74.2148,48.61,-0.523202154,80804.3,-0.037267317,5.94,6.22,891.48,1884.12,130.54,300.82,22673775,0.006878629,7.04,446114,0.497745562,12.94,NA,NA,NA,NA,NA,NA,20031.98,NA,NA,NA,NA,NA,NA,NA,NA,NA,NA,NA,NA,NA,NA,NA,NA,NA,NA,NA,NA,NA,NA,NA,NA,NA,NA,NA,NA,NA,NA,NA,NA,NA,NA,NA,NA,205.89,99.88,73.46,50.11,47.57,36.96,29.16,NA,NA,NA,NA,NA,NA,NA,NA,NA,NA,NA,NA,NA,NA,NA,NA,NA,NA,NA,NA,NA,NA,NA
2016/5/25,45.0185,18561.3,-1.2,523.2,584,133.16,7.439,8,65.6745,73.2801,49.74,-0.523202154,80804.3,-0.037267317,5.94,6.22,907.97,1898.75,130.79,300.77,22673775,0.006878629,7.04,446114,0.497745562,12.94,NA,NA,NA,NA,NA,NA,20031.98,NA,NA,NA,NA,NA,NA,NA,NA,NA,NA,NA,NA,NA,NA,NA,NA,NA,NA,NA,NA,NA,NA,NA,NA,NA,NA,NA,NA,NA,NA,NA,NA,NA,NA,NA,NA,205.89,99.88,73.46,50.11,47.57,36.96,29.16,NA,NA,NA,NA,NA,NA,NA,NA,NA,NA,NA,NA,NA,NA,NA,NA,NA,NA,NA,NA,NA,NA,NA
2016/5/26,45.0185,18561.3,-1.2,523.2,584,133.16,7.439,8,65.57,73.2735,49.59,-0.523202154,80804.3,-0.037267317,5.94,6.22,918.79,1914.31,130.66,301.04,22673775,0.006878629,7.04,446114,0.497745562,12.94,NA,NA,NA,NA,NA,NA,20031.98,NA,NA,NA,NA,NA,NA,NA,NA,NA,NA,NA,NA,NA,NA,NA,NA,NA,NA,NA,NA,NA,NA,NA,NA,NA,NA,NA,NA,NA,NA,NA,NA,NA,NA,NA,NA,205.89,99.88,73.46,50.11,47.57,36.96,29.16,NA,NA,NA,NA,NA,NA,NA,NA,NA,NA,NA,NA,NA,NA,NA,NA,NA,NA,NA,NA,NA,NA,NA
2016/5/27,45.0185,18561.3,-1.2,523.2,584,133.16,7.439,8,65.9385,73.2557,49.32,-0.523202154,80804.3,-0.037267317,5.94,6.22,917.52,1927.58,130.55,301.67,22673775,0.006878629,7.04,446114,0.497745562,12.94,NA,NA,NA,NA,NA,NA,20031.98,NA,NA,NA,NA,NA,NA,NA,NA,NA,NA,NA,NA,NA,NA,NA,NA,NA,NA,NA,NA,NA,NA,NA,NA,NA,NA,NA,NA,NA,NA,NA,NA,NA,NA,NA,NA,205.89,99.88,73.46,50.11,47.57,36.96,29.16,NA,NA,NA,NA,NA,NA,NA,NA,NA,NA,NA,NA,NA,NA,NA,NA,NA,NA,NA,NA,NA,NA,NA
2016/5/28,45.0185,18561.3,-1.2,523.2,584,133.16,7.439,8,65.9385,73.2557,49.32,-0.523202154,80804.3,-0.037267317,5.94,6.22,917.52,1927.58,130.55,301.67,22673775,0.006878629,7.04,446114,0.497745562,12.94,NA,NA,NA,NA,NA,NA,20031.98,NA,NA,NA,NA,NA,NA,NA,NA,NA,NA,NA,NA,NA,NA,NA,NA,NA,NA,NA,NA,NA,NA,NA,NA,NA,NA,NA,NA,NA,NA,NA,NA,NA,NA,NA,NA,205.89,99.88,73.46,50.11,47.57,36.96,29.16,NA,NA,NA,NA,NA,NA,NA,NA,NA,NA,NA,NA,NA,NA,NA,NA,NA,NA,NA,NA,NA,NA,NA
2016/5/29,45.0185,18561.3,-1.2,523.2,584,133.16,7.439,8,65.9385,73.2557,49.32,-0.523202154,80804.3,-0.037267317,5.94,6.22,917.52,1927.58,130.55,301.67,22673775,0.006878629,7.04,446114,0.497745562,12.94,NA,NA,NA,NA,NA,NA,20031.98,NA,NA,NA,NA,NA,NA,NA,NA,NA,NA,NA,NA,NA,NA,NA,NA,NA,NA,NA,NA,NA,NA,NA,NA,NA,NA,NA,NA,NA,NA,NA,NA,NA,NA,NA,NA,205.89,99.88,73.46,50.11,47.57,36.96,29.16,NA,NA,NA,NA,NA,NA,NA,NA,NA,NA,NA,NA,NA,NA,NA,NA,NA,NA,NA,NA,NA,NA,NA
2016/5/30,45.0185,18561.3,-1.2,523.2,584,133.16,7.439,8,65.6745,73.1241,49.76,-0.523202154,80804.3,-0.037267317,5.94,6.22,925.51,1935.54,130.57,301.73,22673775,0.006878629,7.04,446114,0.497745562,12.94,NA,NA,NA,NA,NA,NA,20031.98,NA,NA,NA,NA,NA,NA,NA,NA,NA,NA,NA,NA,NA,NA,NA,NA,NA,NA,NA,NA,NA,NA,NA,NA,NA,NA,NA,NA,NA,NA,NA,NA,NA,NA,NA,NA,205.89,99.88,73.46,50.11,47.57,36.96,29.16,NA,NA,NA,NA,NA,NA,NA,NA,NA,NA,NA,NA,NA,NA,NA,NA,NA,NA,NA,NA,NA,NA,NA
2016/5/31,45.0185,18561.3,-1.2,523.2,584,133.16,7.439,8,66.0183,73.533,49.69,-0.523202154,80804.3,-0.037267317,5.94,6.22,904.33,1899.01,130.6,301.7,22673775,0.006878629,7.04,446114,0.497745562,12.94,NA,NA,NA,NA,NA,NA,20031.98,NA,NA,NA,NA,NA,NA,NA,NA,NA,NA,NA,NA,NA,NA,NA,NA,NA,NA,NA,NA,NA,NA,NA,NA,NA,NA,NA,NA,NA,NA,NA,NA,NA,NA,NA,NA,205.89,99.88,73.46,50.11,47.57,36.96,29.16,NA,NA,NA,NA,NA,NA,NA,NA,NA,NA,NA,NA,NA,NA,NA,NA,NA,NA,NA,NA,NA,NA,NA
2016/6/1,46.6518,18561.3,-1.2,525.3,589.6,133.16,8.421,8,67.1287,75.0081,49.72,-0.487024854,80804.3,-0.037267317,5.94,6.22,890.52,1893.18,130.33,286.1,22924700,0.01106675,6.92,549848,0.480744994,12.99,NA,NA,NA,NA,NA,NA,20099.15,NA,NA,NA,NA,NA,NA,NA,NA,NA,NA,NA,NA,NA,NA,NA,NA,NA,NA,NA,NA,NA,NA,NA,NA,NA,NA,NA,NA,NA,NA,NA,NA,NA,NA,NA,NA,195.13,98.56,73.12,50.37,45.49,37.46,29.36,NA,NA,NA,NA,NA,NA,NA,NA,NA,NA,NA,NA,NA,NA,NA,NA,NA,NA,NA,NA,NA,NA,NA
2016/6/2,46.6518,18561.3,-1.2,525.3,589.6,133.16,8.421,8,66.9407,74.6762,50.04,-0.487024854,80804.3,-0.037267317,5.94,6.22,885.93,1890.78,130.03,286.1,22924700,0.01106675,6.92,549848,0.480744994,12.99,NA,NA,NA,NA,NA,NA,20099.15,NA,NA,NA,NA,NA,NA,NA,NA,NA,NA,NA,NA,NA,NA,NA,NA,NA,NA,NA,NA,NA,NA,NA,NA,NA,NA,NA,NA,NA,NA,NA,NA,NA,NA,NA,NA,195.13,98.56,73.12,50.37,45.49,37.46,29.36,NA,NA,NA,NA,NA,NA,NA,NA,NA,NA,NA,NA,NA,NA,NA,NA,NA,NA,NA,NA,NA,NA,NA
2016/6/3,46.6518,18561.3,-1.2,525.3,589.6,133.16,8.421,8,65.3047,74.3635,49.64,-0.487024854,80804.3,-0.037267317,5.94,6.22,902.64,1886.84,130.21,286.1,22924700,0.01106675,6.92,549848,0.480744994,12.99,NA,NA,NA,NA,NA,NA,20099.15,NA,NA,NA,NA,NA,NA,NA,NA,NA,NA,NA,NA,NA,NA,NA,NA,NA,NA,NA,NA,NA,NA,NA,NA,NA,NA,NA,NA,NA,NA,NA,NA,NA,NA,NA,NA,195.13,98.56,73.12,50.37,45.49,37.46,29.36,NA,NA,NA,NA,NA,NA,NA,NA,NA,NA,NA,NA,NA,NA,NA,NA,NA,NA,NA,NA,NA,NA,NA
2016/6/4,46.6518,18561.3,-1.2,525.3,589.6,133.16,8.421,8,65.3047,74.3635,49.64,-0.487024854,80804.3,-0.037267317,5.94,6.22,902.64,1886.84,130.21,295.81,22924700,0.01106675,6.92,549848,0.480744994,12.99,NA,NA,NA,NA,NA,NA,20099.15,NA,NA,NA,NA,NA,NA,NA,NA,NA,NA,NA,NA,NA,NA,NA,NA,NA,NA,NA,NA,NA,NA,NA,NA,NA,NA,NA,NA,NA,NA,NA,NA,NA,NA,NA,NA,195.13,98.56,73.12,50.37,45.49,37.46,29.36,NA,NA,NA,NA,NA,NA,NA,NA,NA,NA,NA,NA,NA,NA,NA,NA,NA,NA,NA,NA,NA,NA,NA
2016/6/5,46.6518,18561.3,-1.2,525.3,589.6,133.16,8.421,8,65.3047,74.3635,49.64,-0.487024854,80804.3,-0.037267317,5.94,6.22,902.64,1886.84,130.21,298.93,22924700,0.01106675,6.92,549848,0.480744994,12.99,NA,NA,NA,NA,NA,NA,20099.15,NA,NA,NA,NA,NA,NA,NA,NA,NA,NA,NA,NA,NA,NA,NA,NA,NA,NA,NA,NA,NA,NA,NA,NA,NA,NA,NA,NA,NA,NA,NA,NA,NA,NA,NA,NA,195.13,98.56,73.12,50.37,45.49,37.46,29.36,NA,NA,NA,NA,NA,NA,NA,NA,NA,NA,NA,NA,NA,NA,NA,NA,NA,NA,NA,NA,NA,NA,NA
2016/6/6,46.6518,18561.3,-1.2,525.3,589.6,133.16,8.421,8,65.5341,74.5518,50.55,-0.487024854,80804.3,-0.037267317,5.94,6.22,922.91,1915.54,130.99,302.22,22924700,0.01106675,6.92,549848,0.480744994,12.99,NA,NA,NA,NA,NA,NA,20099.15,NA,NA,NA,NA,NA,NA,NA,NA,NA,NA,NA,NA,NA,NA,NA,NA,NA,NA,NA,NA,NA,NA,NA,NA,NA,NA,NA,NA,NA,NA,NA,NA,NA,NA,NA,NA,195.13,98.56,73.12,50.37,45.49,37.46,29.36,NA,NA,NA,NA,NA,NA,NA,NA,NA,NA,NA,NA,NA,NA,NA,NA,NA,NA,NA,NA,NA,NA,NA
2016/6/7,46.6518,18561.3,-1.2,525.3,589.6,133.16,8.421,8,64.7647,73.492,51.44,-0.487024854,80804.3,-0.037267317,5.94,6.22,948.87,1951.26,131.28,306.63,22924700,0.01106675,6.92,549848,0.480744994,12.99,NA,NA,NA,NA,NA,NA,20099.15,NA,NA,NA,NA,NA,NA,NA,NA,NA,NA,NA,NA,NA,NA,NA,NA,NA,NA,NA,NA,NA,NA,NA,NA,NA,NA,NA,NA,NA,NA,NA,NA,NA,NA,NA,NA,195.13,98.56,73.12,50.37,45.49,37.46,29.36,NA,NA,NA,NA,NA,NA,NA,NA,NA,NA,NA,NA,NA,NA,NA,NA,NA,NA,NA,NA,NA,NA,NA
2016/6/8,46.6518,18561.3,-1.2,525.3,589.6,133.16,8.421,8,63.6906,72.6015,52.51,-0.487024854,80804.3,-0.037267317,5.94,6.22,965.36,1951.55,131.42,306.63,22924700,0.01106675,6.92,549848,0.480744994,12.99,NA,NA,NA,NA,NA,NA,20099.15,NA,NA,NA,NA,NA,NA,NA,NA,NA,NA,NA,NA,NA,NA,NA,NA,NA,NA,NA,NA,NA,NA,NA,NA,NA,NA,NA,NA,NA,NA,NA,NA,NA,NA,NA,NA,195.13,98.56,73.12,50.37,45.49,37.46,29.36,NA,NA,NA,NA,NA,NA,NA,NA,NA,NA,NA,NA,NA,NA,NA,NA,NA,NA,NA,NA,NA,NA,NA
2016/6/9,46.6518,18561.3,-1.2,525.3,589.6,133.16,8.421,8,64.215,72.6795,51.95,-0.487024854,80804.3,-0.037267317,5.94,6.22,950.86,1934.92,131.07,311.17,22924700,0.01106675,6.92,549848,0.480744994,12.99,NA,NA,NA,NA,NA,NA,20099.15,NA,NA,NA,NA,NA,NA,NA,NA,NA,NA,NA,NA,NA,NA,NA,NA,NA,NA,NA,NA,NA,NA,NA,NA,NA,NA,NA,NA,NA,NA,NA,NA,NA,NA,NA,NA,195.13,98.56,73.12,50.37,45.49,37.46,29.36,NA,NA,NA,NA,NA,NA,NA,NA,NA,NA,NA,NA,NA,NA,NA,NA,NA,NA,NA,NA,NA,NA,NA
2016/6/10,46.6518,18561.3,-1.2,525.3,589.6,133.16,8.421,8,65.49,73.5826,50.54,-0.487024854,80804.3,-0.037267317,5.94,6.22,924.65,1903.61,131.64,314.3,22924700,0.01106675,6.92,549848,0.480744994,12.99,NA,NA,NA,NA,NA,NA,20099.15,NA,NA,NA,NA,NA,NA,NA,NA,NA,NA,NA,NA,NA,NA,NA,NA,NA,NA,NA,NA,NA,NA,NA,NA,NA,NA,NA,NA,NA,NA,NA,NA,NA,NA,NA,NA,195.13,98.56,73.12,50.37,45.49,37.46,29.36,NA,NA,NA,NA,NA,NA,NA,NA,NA,NA,NA,NA,NA,NA,NA,NA,NA,NA,NA,NA,NA,NA,NA
2016/6/11,46.6518,18561.3,-1.2,525.3,589.6,133.16,8.421,8,65.49,73.5826,50.54,-0.487024854,80804.3,-0.037267317,5.94,6.22,924.65,1903.61,131.64,314.3,22924700,0.01106675,6.92,549848,0.480744994,12.99,NA,NA,NA,NA,NA,NA,20099.15,NA,NA,NA,NA,NA,NA,NA,NA,NA,NA,NA,NA,NA,NA,NA,NA,NA,NA,NA,NA,NA,NA,NA,NA,NA,NA,NA,NA,NA,NA,NA,NA,NA,NA,NA,NA,195.13,98.56,73.12,50.37,45.49,37.46,29.36,NA,NA,NA,NA,NA,NA,NA,NA,NA,NA,NA,NA,NA,NA,NA,NA,NA,NA,NA,NA,NA,NA,NA
2016/6/12,46.6518,18561.3,-1.2,525.3,589.6,133.16,8.421,8,65.49,73.5826,50.54,-0.487024854,80804.3,-0.037267317,5.94,6.22,924.65,1903.61,131.64,314.3,22924700,0.01106675,6.92,549848,0.480744994,12.99,NA,NA,NA,NA,NA,NA,20099.15,NA,NA,NA,NA,NA,NA,NA,NA,NA,NA,NA,NA,NA,NA,NA,NA,NA,NA,NA,NA,NA,NA,NA,NA,NA,NA,NA,NA,NA,NA,NA,NA,NA,NA,NA,NA,195.13,98.56,73.12,50.37,45.49,37.46,29.36,NA,NA,NA,NA,NA,NA,NA,NA,NA,NA,NA,NA,NA,NA,NA,NA,NA,NA,NA,NA,NA,NA,NA
2016/6/13,46.6518,18561.3,-1.2,525.3,589.6,133.16,8.421,8,65.7551,74.1984,50.35,-0.487024854,80804.3,-0.037267317,5.94,6.22,924.65,1903.61,131.64,314.3,22924700,0.01106675,6.92,549848,0.480744994,12.99,NA,NA,NA,NA,NA,NA,20099.15,NA,NA,NA,NA,NA,NA,NA,NA,NA,NA,NA,NA,NA,NA,NA,NA,NA,NA,NA,NA,NA,NA,NA,NA,NA,NA,NA,NA,NA,NA,NA,NA,NA,NA,NA,NA,195.13,98.56,73.12,50.37,45.49,37.46,29.36,NA,NA,NA,NA,NA,NA,NA,NA,NA,NA,NA,NA,NA,NA,NA,NA,NA,NA,NA,NA,NA,NA,NA
2016/6/14,46.6518,18561.3,-1.2,525.3,589.6,133.16,8.421,8,65.9395,73.938,49.83,-0.487024854,80804.3,-0.037267317,5.94,6.22,900.19,1885.92,131.14,303.13,22924700,0.01106675,6.92,549848,0.480744994,12.99,NA,NA,NA,NA,NA,NA,20099.15,NA,NA,NA,NA,NA,NA,NA,NA,NA,NA,NA,NA,NA,NA,NA,NA,NA,NA,NA,NA,NA,NA,NA,NA,NA,NA,NA,NA,NA,NA,NA,NA,NA,NA,NA,NA,195.13,98.56,73.12,50.37,45.49,37.46,29.36,NA,NA,NA,NA,NA,NA,NA,NA,NA,NA,NA,NA,NA,NA,NA,NA,NA,NA,NA,NA,NA,NA,NA
2016/6/15,46.6518,18561.3,-1.2,525.3,589.6,133.16,8.421,8,65.4632,73.5598,48.97,-0.487024854,80804.3,-0.037267317,5.94,6.22,910.08,1889.75,131.23,303.02,22924700,0.01106675,6.92,549848,0.480744994,12.99,NA,NA,NA,NA,NA,NA,20099.15,NA,NA,NA,NA,NA,NA,NA,NA,NA,NA,NA,NA,NA,NA,NA,NA,NA,NA,NA,NA,NA,NA,NA,NA,NA,NA,NA,NA,NA,NA,NA,NA,NA,NA,NA,NA,195.13,98.56,73.12,50.37,45.49,37.46,29.36,NA,NA,NA,NA,NA,NA,NA,NA,NA,NA,NA,NA,NA,NA,NA,NA,NA,NA,NA,NA,NA,NA,NA
2016/6/16,46.6518,18561.3,-1.2,525.3,589.6,133.16,8.421,8,65.3817,73.2671,47.19,-0.487024854,80804.3,-0.037267317,5.94,6.22,895,1869.78,131.13,303.48,22924700,0.01106675,6.92,549848,0.480744994,12.99,NA,NA,NA,NA,NA,NA,20099.15,NA,NA,NA,NA,NA,NA,NA,NA,NA,NA,NA,NA,NA,NA,NA,NA,NA,NA,NA,NA,NA,NA,NA,NA,NA,NA,NA,NA,NA,NA,NA,NA,NA,NA,NA,NA,195.13,98.56,73.12,50.37,45.49,37.46,29.36,NA,NA,NA,NA,NA,NA,NA,NA,NA,NA,NA,NA,NA,NA,NA,NA,NA,NA,NA,NA,NA,NA,NA
2016/6/17,46.6518,18561.3,-1.2,525.3,589.6,133.16,8.421,8,64.7542,73.0441,49.17,-0.487024854,80804.3,-0.037267317,5.94,6.22,910.28,1877.07,131.3,303.58,22924700,0.01106675,6.92,549848,0.480744994,12.99,NA,NA,NA,NA,NA,NA,20099.15,NA,NA,NA,NA,NA,NA,NA,NA,NA,NA,NA,NA,NA,NA,NA,NA,NA,NA,NA,NA,NA,NA,NA,NA,NA,NA,NA,NA,NA,NA,NA,NA,NA,NA,NA,NA,195.13,98.56,73.12,50.37,45.49,37.46,29.36,NA,NA,NA,NA,NA,NA,NA,NA,NA,NA,NA,NA,NA,NA,NA,NA,NA,NA,NA,NA,NA,NA,NA
2016/6/18,46.6518,18561.3,-1.2,525.3,589.6,133.16,8.421,8,64.7542,73.0441,49.17,-0.487024854,80804.3,-0.037267317,5.94,6.22,910.28,1877.07,131.3,303.58,22924700,0.01106675,6.92,549848,0.480744994,12.99,NA,NA,NA,NA,NA,NA,20099.15,NA,NA,NA,NA,NA,NA,NA,NA,NA,NA,NA,NA,NA,NA,NA,NA,NA,NA,NA,NA,NA,NA,NA,NA,NA,NA,NA,NA,NA,NA,NA,NA,NA,NA,NA,NA,195.13,98.56,73.12,50.37,45.49,37.46,29.36,NA,NA,NA,NA,NA,NA,NA,NA,NA,NA,NA,NA,NA,NA,NA,NA,NA,NA,NA,NA,NA,NA,NA
2016/6/19,46.6518,18561.3,-1.2,525.3,589.6,133.16,8.421,8,64.7542,73.0441,49.17,-0.487024854,80804.3,-0.037267317,5.94,6.22,910.28,1877.07,131.3,303.58,22924700,0.01106675,6.92,549848,0.480744994,12.99,NA,NA,NA,NA,NA,NA,20099.15,NA,NA,NA,NA,NA,NA,NA,NA,NA,NA,NA,NA,NA,NA,NA,NA,NA,NA,NA,NA,NA,NA,NA,NA,NA,NA,NA,NA,NA,NA,NA,NA,NA,NA,NA,NA,195.13,98.56,73.12,50.37,45.49,37.46,29.36,NA,NA,NA,NA,NA,NA,NA,NA,NA,NA,NA,NA,NA,NA,NA,NA,NA,NA,NA,NA,NA,NA,NA
2016/6/20,46.6518,18561.3,-1.2,525.3,589.6,133.16,8.421,8,64.1452,72.5721,50.65,-0.487024854,80804.3,-0.037267317,5.94,6.22,935.04,1902.7,131.7,303.69,22924700,0.01106675,6.92,549848,0.480744994,12.99,NA,NA,NA,NA,NA,NA,20099.15,NA,NA,NA,NA,NA,NA,NA,NA,NA,NA,NA,NA,NA,NA,NA,NA,NA,NA,NA,NA,NA,NA,NA,NA,NA,NA,NA,NA,NA,NA,NA,NA,NA,NA,NA,NA,195.13,98.56,73.12,50.37,45.49,37.46,29.36,NA,NA,NA,NA,NA,NA,NA,NA,NA,NA,NA,NA,NA,NA,NA,NA,NA,NA,NA,NA,NA,NA,NA
2016/6/21,46.6518,18561.3,-1.2,525.3,589.6,133.16,8.421,8,64.0967,72.1636,50.62,-0.487024854,80804.3,-0.037267317,5.94,6.22,937.22,1904.02,131.82,303.5,22924700,0.01106675,6.92,549848,0.480744994,12.99,NA,NA,NA,NA,NA,NA,20099.15,NA,NA,NA,NA,NA,NA,NA,NA,NA,NA,NA,NA,NA,NA,NA,NA,NA,NA,NA,NA,NA,NA,NA,NA,NA,NA,NA,NA,NA,NA,NA,NA,NA,NA,NA,NA,195.13,98.56,73.12,50.37,45.49,37.46,29.36,NA,NA,NA,NA,NA,NA,NA,NA,NA,NA,NA,NA,NA,NA,NA,NA,NA,NA,NA,NA,NA,NA,NA
2016/6/22,46.6518,18561.3,-1.2,525.3,589.6,133.16,8.421,8,64.3434,72.7252,49.88,-0.487024854,80804.3,-0.037267317,5.94,6.22,927.29,1896.7,131.91,303.81,22924700,0.01106675,6.92,549848,0.480744994,12.99,NA,NA,NA,NA,NA,NA,20099.15,NA,NA,NA,NA,NA,NA,NA,NA,NA,NA,NA,NA,NA,NA,NA,NA,NA,NA,NA,NA,NA,NA,NA,NA,NA,NA,NA,NA,NA,NA,NA,NA,NA,NA,NA,NA,195.13,98.56,73.12,50.37,45.49,37.46,29.36,NA,NA,NA,NA,NA,NA,NA,NA,NA,NA,NA,NA,NA,NA,NA,NA,NA,NA,NA,NA,NA,NA,NA
2016/6/23,46.6518,18561.3,-1.2,525.3,589.6,133.16,8.421,8,64.0221,72.6701,50.91,-0.487024854,80804.3,-0.037267317,5.94,6.22,941.11,1919.27,132.02,303.91,22924700,0.01106675,6.92,549848,0.480744994,12.99,NA,NA,NA,NA,NA,NA,20099.15,NA,NA,NA,NA,NA,NA,NA,NA,NA,NA,NA,NA,NA,NA,NA,NA,NA,NA,NA,NA,NA,NA,NA,NA,NA,NA,NA,NA,NA,NA,NA,NA,NA,NA,NA,NA,195.13,98.56,73.12,50.37,45.49,37.46,29.36,NA,NA,NA,NA,NA,NA,NA,NA,NA,NA,NA,NA,NA,NA,NA,NA,NA,NA,NA,NA,NA,NA,NA
2016/6/24,46.6518,18561.3,-1.2,525.3,589.6,133.16,8.421,8,65.1206,72.4472,48.41,-0.487024854,80804.3,-0.037267317,5.94,6.22,912.49,1884.41,131.33,303.87,22924700,0.01106675,6.92,549848,0.480744994,12.99,NA,NA,NA,NA,NA,NA,20099.15,NA,NA,NA,NA,NA,NA,NA,NA,NA,NA,NA,NA,NA,NA,NA,NA,NA,NA,NA,NA,NA,NA,NA,NA,NA,NA,NA,NA,NA,NA,NA,NA,NA,NA,NA,NA,195.13,98.56,73.12,50.37,45.49,37.46,29.36,NA,NA,NA,NA,NA,NA,NA,NA,NA,NA,NA,NA,NA,NA,NA,NA,NA,NA,NA,NA,NA,NA,NA
2016/6/25,46.6518,18561.3,-1.2,525.3,589.6,133.16,8.421,8,65.1206,72.4472,48.41,-0.487024854,80804.3,-0.037267317,5.94,6.22,912.49,1884.41,131.33,303.87,22924700,0.01106675,6.92,549848,0.480744994,12.99,NA,NA,NA,NA,NA,NA,20099.15,NA,NA,NA,NA,NA,NA,NA,NA,NA,NA,NA,NA,NA,NA,NA,NA,NA,NA,NA,NA,NA,NA,NA,NA,NA,NA,NA,NA,NA,NA,NA,NA,NA,NA,NA,NA,195.13,98.56,73.12,50.37,45.49,37.46,29.36,NA,NA,NA,NA,NA,NA,NA,NA,NA,NA,NA,NA,NA,NA,NA,NA,NA,NA,NA,NA,NA,NA,NA
2016/6/26,46.6518,18561.3,-1.2,525.3,589.6,133.16,8.421,8,65.1206,72.4472,48.41,-0.487024854,80804.3,-0.037267317,5.94,6.22,912.49,1884.41,131.33,303.87,22924700,0.01106675,6.92,549848,0.480744994,12.99,NA,NA,NA,NA,NA,NA,20099.15,NA,NA,NA,NA,NA,NA,NA,NA,NA,NA,NA,NA,NA,NA,NA,NA,NA,NA,NA,NA,NA,NA,NA,NA,NA,NA,NA,NA,NA,NA,NA,NA,NA,NA,NA,NA,195.13,98.56,73.12,50.37,45.49,37.46,29.36,NA,NA,NA,NA,NA,NA,NA,NA,NA,NA,NA,NA,NA,NA,NA,NA,NA,NA,NA,NA,NA,NA,NA
2016/6/27,46.6518,18561.3,-1.2,525.3,589.6,133.16,8.421,8,65.4585,72.2554,47.16,-0.487024854,80804.3,-0.037267317,5.94,6.22,888.78,1841.73,132.01,304.64,22924700,0.01106675,6.92,549848,0.480744994,12.99,NA,NA,NA,NA,NA,NA,20099.15,NA,NA,NA,NA,NA,NA,NA,NA,NA,NA,NA,NA,NA,NA,NA,NA,NA,NA,NA,NA,NA,NA,NA,NA,NA,NA,NA,NA,NA,NA,NA,NA,NA,NA,NA,NA,195.13,98.56,73.12,50.37,45.49,37.46,29.36,NA,NA,NA,NA,NA,NA,NA,NA,NA,NA,NA,NA,NA,NA,NA,NA,NA,NA,NA,NA,NA,NA,NA
2016/6/28,46.6518,18561.3,-1.2,525.3,589.6,133.16,8.421,8,64.5252,71.3098,48.58,-0.487024854,80804.3,-0.037267317,5.94,6.22,905.36,1857.23,132.26,304.88,22924700,0.01106675,6.92,549848,0.480744994,12.99,NA,NA,NA,NA,NA,NA,20099.15,NA,NA,NA,NA,NA,NA,NA,NA,NA,NA,NA,NA,NA,NA,NA,NA,NA,NA,NA,NA,NA,NA,NA,NA,NA,NA,NA,NA,NA,NA,NA,NA,NA,NA,NA,NA,195.13,98.56,73.12,50.37,45.49,37.46,29.36,NA,NA,NA,NA,NA,NA,NA,NA,NA,NA,NA,NA,NA,NA,NA,NA,NA,NA,NA,NA,NA,NA,NA
2016/6/29,46.6518,18561.3,-1.2,525.3,589.6,133.16,8.421,8,63.7879,70.7915,50.61,-0.487024854,80804.3,-0.037267317,5.94,6.22,931.35,1888.15,132.5,305.06,22924700,0.01106675,6.92,549848,0.480744994,12.99,NA,NA,NA,NA,NA,NA,20099.15,NA,NA,NA,NA,NA,NA,NA,NA,NA,NA,NA,NA,NA,NA,NA,NA,NA,NA,NA,NA,NA,NA,NA,NA,NA,NA,NA,NA,NA,NA,NA,NA,NA,NA,NA,NA,195.13,98.56,73.12,50.37,45.49,37.46,29.36,NA,NA,NA,NA,NA,NA,NA,NA,NA,NA,NA,NA,NA,NA,NA,NA,NA,NA,NA,NA,NA,NA,NA
2016/6/30,46.6518,18561.3,-1.2,525.3,589.6,133.16,8.421,8,63.943,70.8027,49.68,-0.487024854,80804.3,-0.037267317,5.94,6.22,930.77,1891.09,132.78,305.34,22924700,0.01106675,6.92,549848,0.480744994,12.99,NA,NA,NA,NA,NA,NA,20099.15,NA,NA,NA,NA,NA,NA,NA,NA,NA,NA,NA,NA,NA,NA,NA,NA,NA,NA,NA,NA,NA,NA,NA,NA,NA,NA,NA,NA,NA,NA,NA,NA,NA,NA,NA,NA,195.13,98.56,73.12,50.37,45.49,37.46,29.36,NA,NA,NA,NA,NA,NA,NA,NA,NA,NA,NA,NA,NA,NA,NA,NA,NA,NA,NA,NA,NA,NA,NA
2016/7/1,43.6614,19979.4,-0.6,527.2,605.3,133.16,9.085,-0.9,63.7746,71.0559,50.35,-0.385650527,80804.3,-0.037267317,6.08,7.83,933.32,1896.62,133.31,305.34,23062717,0.00602045,6.78,663919,0.446449774,12.99,NA,NA,NA,NA,NA,NA,20422.5,NA,NA,NA,NA,NA,NA,NA,NA,NA,NA,NA,NA,NA,NA,NA,NA,NA,NA,NA,NA,NA,NA,NA,NA,NA,NA,NA,NA,NA,NA,NA,NA,NA,NA,NA,NA,136.94,87.61,77.89,53.62,46.79,37.74,29.83,NA,NA,NA,NA,NA,NA,NA,NA,NA,NA,NA,NA,NA,NA,NA,NA,NA,NA,NA,NA,NA,NA,NA
2016/7/2,43.6614,19979.4,-0.6,527.2,605.3,133.16,9.085,-0.9,63.7746,71.0559,50.35,-0.385650527,80804.3,-0.037267317,6.08,7.83,933.32,1896.62,133.31,305.34,23062717,0.00602045,6.78,663919,0.446449774,12.99,NA,NA,NA,NA,NA,NA,20422.5,NA,NA,NA,NA,NA,NA,NA,NA,NA,NA,NA,NA,NA,NA,NA,NA,NA,NA,NA,NA,NA,NA,NA,NA,NA,NA,NA,NA,NA,NA,NA,NA,NA,NA,NA,NA,136.94,87.61,77.89,53.62,46.79,37.74,29.83,NA,NA,NA,NA,NA,NA,NA,NA,NA,NA,NA,NA,NA,NA,NA,NA,NA,NA,NA,NA,NA,NA,NA
2016/7/3,43.6614,19979.4,-0.6,527.2,605.3,133.16,9.085,-0.9,63.7746,71.0559,50.35,-0.385650527,80804.3,-0.037267317,6.08,7.83,933.32,1896.62,133.31,293.67,23062717,0.00602045,6.78,663919,0.446449774,12.99,NA,NA,NA,NA,NA,NA,20422.5,NA,NA,NA,NA,NA,NA,NA,NA,NA,NA,NA,NA,NA,NA,NA,NA,NA,NA,NA,NA,NA,NA,NA,NA,NA,NA,NA,NA,NA,NA,NA,NA,NA,NA,NA,NA,136.94,87.61,77.89,53.62,46.79,37.74,29.83,NA,NA,NA,NA,NA,NA,NA,NA,NA,NA,NA,NA,NA,NA,NA,NA,NA,NA,NA,NA,NA,NA,NA
2016/7/4,43.6614,19979.4,-0.6,527.2,605.3,133.16,9.085,-0.9,63.8487,71.1745,50.1,-0.385650527,80804.3,-0.037267317,6.08,7.83,940.85,1907.48,132.98,296.08,23062717,0.00602045,6.78,663919,0.446449774,12.99,NA,NA,NA,NA,NA,NA,20422.5,NA,NA,NA,NA,NA,NA,NA,NA,NA,NA,NA,NA,NA,NA,NA,NA,NA,NA,NA,NA,NA,NA,NA,NA,NA,NA,NA,NA,NA,NA,NA,NA,NA,NA,NA,NA,136.94,87.61,77.89,53.62,46.79,37.74,29.83,NA,NA,NA,NA,NA,NA,NA,NA,NA,NA,NA,NA,NA,NA,NA,NA,NA,NA,NA,NA,NA,NA,NA
2016/7/5,43.6614,19979.4,-0.6,527.2,605.3,133.16,9.085,-0.9,64.5107,71.5434,47.96,-0.385650527,80804.3,-0.037267317,6.08,7.83,925.23,1895.64,132.64,296.08,23062717,0.00602045,6.78,663919,0.446449774,12.99,NA,NA,NA,NA,NA,NA,20422.5,NA,NA,NA,NA,NA,NA,NA,NA,NA,NA,NA,NA,NA,NA,NA,NA,NA,NA,NA,NA,NA,NA,NA,NA,NA,NA,NA,NA,NA,NA,NA,NA,NA,NA,NA,NA,136.94,87.61,77.89,53.62,46.79,37.74,29.83,NA,NA,NA,NA,NA,NA,NA,NA,NA,NA,NA,NA,NA,NA,NA,NA,NA,NA,NA,NA,NA,NA,NA
2016/7/6,43.6614,19979.4,-0.6,527.2,605.3,133.16,9.085,-0.9,64.254,71.2515,48.8,-0.385650527,80804.3,-0.037267317,6.08,7.83,917.71,1879.42,132.31,302.55,23062717,0.00602045,6.78,663919,0.446449774,12.99,NA,NA,NA,NA,NA,NA,20422.5,NA,NA,NA,NA,NA,NA,NA,NA,NA,NA,NA,NA,NA,NA,NA,NA,NA,NA,NA,NA,NA,NA,NA,NA,NA,NA,NA,NA,NA,NA,NA,NA,NA,NA,NA,NA,136.94,87.61,77.89,53.62,46.79,37.74,29.83,NA,NA,NA,NA,NA,NA,NA,NA,NA,NA,NA,NA,NA,NA,NA,NA,NA,NA,NA,NA,NA,NA,NA
2016/7/7,43.6614,19979.4,-0.6,527.2,605.3,133.16,9.085,-0.9,64.4192,71.2655,46.4,-0.385650527,80804.3,-0.037267317,6.08,7.83,923.85,1882.41,132.64,306.6,23062717,0.00602045,6.78,663919,0.446449774,12.99,NA,NA,NA,NA,NA,NA,20422.5,NA,NA,NA,NA,NA,NA,NA,NA,NA,NA,NA,NA,NA,NA,NA,NA,NA,NA,NA,NA,NA,NA,NA,NA,NA,NA,NA,NA,NA,NA,NA,NA,NA,NA,NA,NA,136.94,87.61,77.89,53.62,46.79,37.74,29.83,NA,NA,NA,NA,NA,NA,NA,NA,NA,NA,NA,NA,NA,NA,NA,NA,NA,NA,NA,NA,NA,NA,NA
2016/7/8,43.6614,19979.4,-0.6,527.2,605.3,133.16,9.085,-0.9,63.8615,70.2182,46.76,-0.385650527,80804.3,-0.037267317,6.08,7.83,934.35,1894.35,132.31,306.6,23062717,0.00602045,6.78,663919,0.446449774,12.99,NA,NA,NA,NA,NA,NA,20422.5,NA,NA,NA,NA,NA,NA,NA,NA,NA,NA,NA,NA,NA,NA,NA,NA,NA,NA,NA,NA,NA,NA,NA,NA,NA,NA,NA,NA,NA,NA,NA,NA,NA,NA,NA,NA,136.94,87.61,77.89,53.62,46.79,37.74,29.83,NA,NA,NA,NA,NA,NA,NA,NA,NA,NA,NA,NA,NA,NA,NA,NA,NA,NA,NA,NA,NA,NA,NA
2016/7/9,43.6614,19979.4,-0.6,527.2,605.3,133.16,9.085,-0.9,63.8615,70.2182,46.76,-0.385650527,80804.3,-0.037267317,6.08,7.83,934.35,1894.35,132.31,310.78,23062717,0.00602045,6.78,663919,0.446449774,12.99,NA,NA,NA,NA,NA,NA,20422.5,NA,NA,NA,NA,NA,NA,NA,NA,NA,NA,NA,NA,NA,NA,NA,NA,NA,NA,NA,NA,NA,NA,NA,NA,NA,NA,NA,NA,NA,NA,NA,NA,NA,NA,NA,NA,136.94,87.61,77.89,53.62,46.79,37.74,29.83,NA,NA,NA,NA,NA,NA,NA,NA,NA,NA,NA,NA,NA,NA,NA,NA,NA,NA,NA,NA,NA,NA,NA
2016/7/10,43.6614,19979.4,-0.6,527.2,605.3,133.16,9.085,-0.9,63.8615,70.2182,46.76,-0.385650527,80804.3,-0.037267317,6.08,7.83,934.35,1894.35,132.31,314.14,23062717,0.00602045,6.78,663919,0.446449774,12.99,NA,NA,NA,NA,NA,NA,20422.5,NA,NA,NA,NA,NA,NA,NA,NA,NA,NA,NA,NA,NA,NA,NA,NA,NA,NA,NA,NA,NA,NA,NA,NA,NA,NA,NA,NA,NA,NA,NA,NA,NA,NA,NA,NA,136.94,87.61,77.89,53.62,46.79,37.74,29.83,NA,NA,NA,NA,NA,NA,NA,NA,NA,NA,NA,NA,NA,NA,NA,NA,NA,NA,NA,NA,NA,NA,NA
2016/7/11,43.6614,19979.4,-0.6,527.2,605.3,133.16,9.085,-0.9,64.0572,70.804,46.25,-0.385650527,80804.3,-0.037267317,6.08,7.83,941.35,1913.12,132.41,314.14,23062717,0.00602045,6.78,663919,0.446449774,12.99,NA,NA,NA,NA,NA,NA,20422.5,NA,NA,NA,NA,NA,NA,NA,NA,NA,NA,NA,NA,NA,NA,NA,NA,NA,NA,NA,NA,NA,NA,NA,NA,NA,NA,NA,NA,NA,NA,NA,NA,NA,NA,NA,NA,136.94,87.61,77.89,53.62,46.79,37.74,29.83,NA,NA,NA,NA,NA,NA,NA,NA,NA,NA,NA,NA,NA,NA,NA,NA,NA,NA,NA,NA,NA,NA,NA
2016/7/12,43.6614,19979.4,-0.6,527.2,605.3,133.16,9.085,-0.9,63.7548,70.7083,48.47,-0.385650527,80804.3,-0.037267317,6.08,7.83,955.41,1938.36,132.68,314.14,23062717,0.00602045,6.78,663919,0.446449774,12.99,NA,NA,NA,NA,NA,NA,20422.5,NA,NA,NA,NA,NA,NA,NA,NA,NA,NA,NA,NA,NA,NA,NA,NA,NA,NA,NA,NA,NA,NA,NA,NA,NA,NA,NA,NA,NA,NA,NA,NA,NA,NA,NA,NA,136.94,87.61,77.89,53.62,46.79,37.74,29.83,NA,NA,NA,NA,NA,NA,NA,NA,NA,NA,NA,NA,NA,NA,NA,NA,NA,NA,NA,NA,NA,NA,NA
2016/7/13,43.6614,19979.4,-0.6,527.2,605.3,133.16,9.085,-0.9,63.921,71.0012,46.26,-0.385650527,80804.3,-0.037267317,6.08,7.83,952.37,1935.88,132.49,306.06,23062717,0.00602045,6.78,663919,0.446449774,12.99,NA,NA,NA,NA,NA,NA,20422.5,NA,NA,NA,NA,NA,NA,NA,NA,NA,NA,NA,NA,NA,NA,NA,NA,NA,NA,NA,NA,NA,NA,NA,NA,NA,NA,NA,NA,NA,NA,NA,NA,NA,NA,NA,NA,136.94,87.61,77.89,53.62,46.79,37.74,29.83,NA,NA,NA,NA,NA,NA,NA,NA,NA,NA,NA,NA,NA,NA,NA,NA,NA,NA,NA,NA,NA,NA,NA
2016/7/14,43.6614,19979.4,-0.6,527.2,605.3,133.16,9.085,-0.9,62.8571,69.8521,47.37,-0.385650527,80804.3,-0.037267317,6.08,7.83,972.44,1942.46,132.69,306.42,23062717,0.00602045,6.78,663919,0.446449774,12.99,NA,NA,NA,NA,NA,NA,20422.5,NA,NA,NA,NA,NA,NA,NA,NA,NA,NA,NA,NA,NA,NA,NA,NA,NA,NA,NA,NA,NA,NA,NA,NA,NA,NA,NA,NA,NA,NA,NA,NA,NA,NA,NA,NA,136.94,87.61,77.89,53.62,46.79,37.74,29.83,NA,NA,NA,NA,NA,NA,NA,NA,NA,NA,NA,NA,NA,NA,NA,NA,NA,NA,NA,NA,NA,NA,NA
2016/7/15,43.6614,19979.4,-0.6,527.2,605.3,133.16,9.085,-0.9,63.6852,70.3387,47.61,-0.385650527,80804.3,-0.037267317,6.08,7.83,963.7,1940.85,132.63,306.73,23062717,0.00602045,6.78,663919,0.446449774,12.99,NA,NA,NA,NA,NA,NA,20422.5,NA,NA,NA,NA,NA,NA,NA,NA,NA,NA,NA,NA,NA,NA,NA,NA,NA,NA,NA,NA,NA,NA,NA,NA,NA,NA,NA,NA,NA,NA,NA,NA,NA,NA,NA,NA,136.94,87.61,77.89,53.62,46.79,37.74,29.83,NA,NA,NA,NA,NA,NA,NA,NA,NA,NA,NA,NA,NA,NA,NA,NA,NA,NA,NA,NA,NA,NA,NA
2016/7/16,43.6614,19979.4,-0.6,527.2,605.3,133.16,9.085,-0.9,63.6852,70.3387,47.61,-0.385650527,80804.3,-0.037267317,6.08,7.83,963.7,1940.85,132.63,306.73,23062717,0.00602045,6.78,663919,0.446449774,12.99,NA,NA,NA,NA,NA,NA,20422.5,NA,NA,NA,NA,NA,NA,NA,NA,NA,NA,NA,NA,NA,NA,NA,NA,NA,NA,NA,NA,NA,NA,NA,NA,NA,NA,NA,NA,NA,NA,NA,NA,NA,NA,NA,NA,136.94,87.61,77.89,53.62,46.79,37.74,29.83,NA,NA,NA,NA,NA,NA,NA,NA,NA,NA,NA,NA,NA,NA,NA,NA,NA,NA,NA,NA,NA,NA,NA
2016/7/17,43.6614,19979.4,-0.6,527.2,605.3,133.16,9.085,-0.9,63.6852,70.3387,47.61,-0.385650527,80804.3,-0.037267317,6.08,7.83,963.7,1940.85,132.63,306.73,23062717,0.00602045,6.78,663919,0.446449774,12.99,NA,NA,NA,NA,NA,NA,20422.5,NA,NA,NA,NA,NA,NA,NA,NA,NA,NA,NA,NA,NA,NA,NA,NA,NA,NA,NA,NA,NA,NA,NA,NA,NA,NA,NA,NA,NA,NA,NA,NA,NA,NA,NA,NA,136.94,87.61,77.89,53.62,46.79,37.74,29.83,NA,NA,NA,NA,NA,NA,NA,NA,NA,NA,NA,NA,NA,NA,NA,NA,NA,NA,NA,NA,NA,NA,NA
2016/7/18,43.6614,19979.4,-0.6,527.2,605.3,133.16,9.085,-0.9,62.8124,69.5362,46.96,-0.385650527,80804.3,-0.037267317,6.08,7.83,969.35,1936.07,132.37,306.74,23062717,0.00602045,6.78,663919,0.446449774,12.99,NA,NA,NA,NA,NA,NA,20422.5,NA,NA,NA,NA,NA,NA,NA,NA,NA,NA,NA,NA,NA,NA,NA,NA,NA,NA,NA,NA,NA,NA,NA,NA,NA,NA,NA,NA,NA,NA,NA,NA,NA,NA,NA,NA,136.94,87.61,77.89,53.62,46.79,37.74,29.83,NA,NA,NA,NA,NA,NA,NA,NA,NA,NA,NA,NA,NA,NA,NA,NA,NA,NA,NA,NA,NA,NA,NA
